202538972
202539087
202539144
202540265
202540776
202540898
202541971
202542066
202542118
202542199
202542248
202542703
202542988
202542992
202542994
202542998
202543001
202543053
202543073
202543101
202543233
202543444
202543521
202543529
202543533
202543534
202543537
202543544
202543548
202543553
202543558
202543612
202543649
202543662
202543663
202543716
202543719
202543737
202543756
202543764
202543805
202543808
202543814
202544149
202544177
202544214
202544216
202544218
202544219
202544223
202544224
202544225
202544227
202544229
202544232
202544233
202544234
202544235
202544236
202544237
202544238
202544240
202544241
202544242
202544243
202544244
202544245
202544246
202544247
202544248
202544249
202544250
202544251
202544252
202544253
202544254
202544255
202544256
202544257
202544258
202544259
202544260
202544262
202544263
202544264
202544265
202544266
202544267
202544268
202544270
202544271
202544272
202544273
202544275
202544276
202544277
202544278
202544279
202544280
202544281
202544282
202544283
202544284
202544285
202544286
202544287
202544288
202544289
202544290
202544291
202544292
202544293
202544294
202544295
202544296
202544297
202544298
202544300
202544301
202544302
202544303
202544304
202544305
202544306
202544308
202544309
202544310
202544311
202544312
202544313
202544314
202544315
202544316
202544317
202544318
202544319
202544320
202544321
202544322
202544323
202544324
202544325
202544326
202544327
202544328
202544329
202544330
202544331
202544332
202544333
202544334
202544335
202544336
202544337
202544338
202544339
202544340
202544341
202544342
202544343
202544344
202544345
202544346
202544347
202544348
202544349
202544350
202544351
202544352
202544353
202544354
202544355
202544356
202544357
202544359
202544360
202544361
202544362
202544363
202544364
202544365
202544366
202544367
202544368
202544369
202544370
202544371
202544372
202544373
202544374
202544375
202544376
202544377
202544378
202544380
202544381
202544382
202544383
202544384
202544385
202544386
202544387
202544388
202544389
202544391
202544392
202544393
202544394
202544395
202544396
202544397
202544398
202544399
202544400
202544401
202544402
202544403
202544404
202544405
202544406
202544407
202544408
202544409
202544410
202544411
202544412
202544413
202544414
202544415
202544416
202544417
202544418
202544419
202544420
202544421
202544422
202544423
202544424
202544425
202544426
202544427
202544428
202544429
202544430
202544431
202544432
202544433
202544434
202544435
202544436
202544437
202544438
202544439
202544440
202544441
202544442
202544443
202544444
202544445
202544446
202544447
202544448
202544449
202544450
202544451
202544452
202544453
202544454
202544455
202544456
202544457
202544458
202544460
202544461
202544462
202544463
202544464
202544465
202544466
202544468
202544469
202544470
202544471
202544472
202544473
202544474
202544476
202544477
202544478
202544479
202544480
202544481
202544482
202544483
202544484
202544485
202544486
202544487
202544488
202544489
202544490
202544491
202544492
202544493
202544494
202544495
202544496
202544497
202544498
202544500
202544501
202544502
202544503
202544504
202544505
202544506
202544507
202544508
202544509
202544510
202544511
202544512
202544513
202544514
202544515
202544516
202544517
202544518
202544519
202544520
202544521
202544522
202544523
202544524
202544525
202544526
202544527
202544528
202544529
202544530
202544531
202544532
202544533
202544534
202544535
202544536
202544537
202544538
202544539
202544540
202544541
202544542
202544543
202544544
202544546
202544547
202544548
202544549
202544551
202544552
202544553
202544554
202544555
202544556
202544557
202544558
202544559
202544560
202544561
202544562
202544563
202544564
202544565
202544566
202544567
202544568
202544570
202544571
202544572
202544573
202544574
202544575
202544576
202544577
202544578
202544579
202544580
202544581
202544582
202544583
202544584
202544586
202544587
202544588
202544589
202544590
202544591
202544592
202544593
202544594
202544595
202544596
202544597
202544598
202544599
202544600
202544601
202544602
202544603
202544604
202544605
202544606
202544607
202544608
202544609
202544610
202544612
202544613
202544614
202544615
202544616
202544617
202544618
202544619
202544620
202544622
202544623
202544624
202544625
202544626
202544627
202544628
202544629
202544630
202544631
202544632
202544633
202544634
202544635
202544636
202544637
202544638
202544639
202544640
202544641
202544642
202544643
202544644
202544645
202544646
202544648
202544649
202544650
202544651
202544652
202544653
202544654
202544655
202544656
202544657
202544658
202544659
202544660
202544661
202544662
202544664
202544665
202544666
202544667
202544668
202544669
202544670
202544671
202544672
202544673
202544674
202544675
202544676
202544677
202544678
202544680
202544681
202544683
202544684
202544685
202544687
202544689
202544690
202544691
202544692
202544693
202544694
202544695
202544696
202544697
202544698
202544699
202544700
202544701
202544702
202544703
202544704
202544705
202544706
202544707
202544708
202544709
202544710
202544711
202544712
202544713
202544714
202544715
202544716
202544717
202544718
202544719
202544720
202544721
202544722
202544723
202544724
202544725
202544726
202544727
202544728
202544729
202544730
202544731
202544732
202544733
202544734
202544735
202544736
202544737
202544738
202544739
202544740
202544741
202544742
202544744
202544745
202544746
202544747
202544748
202544749
202544750
202544751
202544752
202544753
202544754
202544755
202544758
202544759
202544760
202544761
202544762
202544763
202544764
202544765
202544766
202544767
202544768
202544769
202544770
202544771
202544772
202544773
202544774
202544775
202544776
202544777
202544778
202544779
202544781
202544782
202544783
202544784
202544785
202544786
202544787
202544788
202544789
202544790
202544791
202544793
202544794
202544795
202544796
202544797
202544798
202544799
202544800
202544801
202544802
202544803
202544804
202544805
202544806
202544808
202544809
202544810
202544811
202544812
202544813
202544814
202544815
202544816
202544817
202544818
202544819
202544820
202544821
202544822
202544823
202544824
202544825
202544826
202544827
202544828
202544829
202544830
202544831
202544832
202544833
202544834
202544838
202544839
202544840
202544841
202544842
202544844
202544845
202544846
202544847
202544848
202545304
202545305
202545306
202545307
202545308
202545309
202545310
202545311
202545312
202545313
202545315
202545316
202545317
202545318
202545319
202545320
202545321
202545322
202545323
202545324
202545325
202545326
202545327
202545328
202545329
202545330
202545331
202545332
202545333
202545334
202545335
202545336
202545337
202545338
202545339
202545340
202545341
202545342
202545343
202545344
202545345
202545346
202545347
202545348
202545349
202545350
202545351
202545352
202545353
202545354
202545355
202545356
202545357
202545358
202545359
202545360
202545361
202545362
202545363
202545364
202545365
202545366
202545367
202545368
202545369
202545370
202545371
202545372
202545373
202545374
202545375
202545376
202545377
202545378
202545380
202545381
202545382
202545383
202545384
202545385
202545386
202545387
202545388
202545389
202545390
202545391
202545392
202545393
202545394
202545395
202545396
202545397
202545398
202545399
202545400
202545401
202545402
202545403
202545404
202545405
202545406
202545407
202545408
202545409
202545410
202545411
202545412
202545413
202545414
202545415
202545416
202545417
202545418
202545419
202545420
202545421
202545422
202545423
202545424
202545425
202545426
202545427
202545428
202545429
202545431
202545432
202545433
202545434
202545435
202545436
202545437
202545438
202545439
202545440
202545441
202545442
202545443
202545444
202545445
202545446
202545447
202545448
202545449
202545450
202545451
202545452
202545453
202545454
202545455
202545456
202545457
202545458
202545459
202545461
202545462
202545463
202545464
202545465
202545466
202545467
202545468
202545469
202545470
202545471
202545472
202545473
202545474
202545475
202545478
202545479
202545480
202545481
202545482
202545483
202545484
202545485
202545486
202545488
202545489
202545490
202545491
202545492
202545493
202545494
202545495
202545496
202545497
202545498
202545499
202545500
202545501
202545502
202545503
202545504
202545505
202545506
202545507
202545508
202545509
202545510
202545511
202545512
202545513
202545514
202545515
202545516
202545517
202545518
202545519
202545520
202545521
202545522
202545523
202545524
202545525
202545526
202545527
202545528
202545529
202545530
202545531
202545532
202545533
202545535
202545536
202545537
202545538
202545539
202545540
202545541
202545542
202545543
202545544
202545545
202545546
202545547
202545548
202545549
202545550
202545551
202545552
202545553
202545554
202545555
202545556
202545557
202545558
202545559
202545560
202545561
202545562
202545563
202545564
202545565
202545566
202545567
202545568
202545569
202545570
202545571
202545572
202545573
202545574
202545575
202545576
202545577
202545578
202545579
202545580
202545581
202545582
202545583
202545585
202545586
202545587
202545588
202545589
202545590
202545591
202545592
202545593
202545594
202545595
202545596
202545597
202545598
202545599
202545600
202545601
202545602
202545603
202545604
202545605
202545606
202545607
202545608
202545609
202545610
202545611
202545612
202545613
202545614
202545615
202545616
202545617
202545618
202545619
202545620
202545621
202545622
202545623
202545624
202545625
202545627
202545628
202545629
202545630
202545631
202545633
202545634
202545635
202545636
202545638
202545639
202545640
202545641
202545642
202545643
202545644
202545645
202545646
202545647
202545648
202545649
202545650
202545651
202545652
202545653
202545654
202545655
202545656
202545657
202545658
202545659
202545660
202545661
202545662
202545663
202545664
202545665
202545666
202545667
202545668
202545669
202545670
202545671
202545672
202545673
202545674
202545675
202545676
202545677
202545678
202545679
202545680
202545681
202545682
202545683
202545684
202545685
202545686
202545687
202545688
202545689
202545690
202545691
202545692
202545693
202545694
202545695
202545696
202545697
202545698
202545699
202545701
202545702
202545703
202545705
202545706
202545707
202545708
202545709
202545710
202545711
202545712
202545713
202545714
202545716
202545717
202545718
202545719
202545720
202545721
202545722
202545723
202545724
202545725
202545726
202545727
202545728
202545729
202545730
202545731
202545732
202545733
202545734
202545735
202545736
202545738
202545739
202545740
202545741
202545742
202545743
202545744
202545745
202545746
202545747
202545748
202545749
202545750
202545792
202545793
202545794
202545795
202545796
202545797
202545798
202545800
202545801
202545802
202545803
202545804
202545806
202545807
202545808
202545809
202545810
202545811
202545812
202545813
202545814
202545816
202545817
202545818
202545819
202545820
202545821
202545823
202545825
202545826
202545827
202545828
202545829
202545830
202545831
202545832
202545833
202545834
202545835
202545836
202545837
202545838
202545839
202545840
202545841
202545842
202545844
202545845
202545846
202545847
202545848
202545849
202545850
202545851
202545852
202545853
202545854
202545855
202545856
202545857
202545858
202545859
202545860
202545862
202545863
202545864
202545865
202545866
202545867
202545869
202545870
202545871
202545872
202545873
202545875
202545876
202545878
202545879
202545880
202545882
202545883
202545884
202545885
202545886
202545887
202545888
202545889
202545890
202545891
202545892
202545893
202545894
202545895
202545896
202545897
202545898
202545899
202545900
202545901
202545902
202545903
202545904
202545905
202545906
202545907
202545908
202545910
202545911
202545912
202545913
202545914
202545915
202545916
202545917
202545918
202545919
202545920
202545921
202545922
202545923
202545924
202545925
202545926
202545927
202545928
202545929
202545930
202545931
202545932
202545933
202545934
202545935
202545936
202545937
202545938
202545939
202545940
202545941
202545942
202545943
202545944
202545945
202545946
202545947
202545948
202545950
202545951
202545952
202545953
202545954
202545955
202545956
202545957
202545958
202545959
202545960
202545961
202546019
202546020
202546021
202546022
202546023
202546024
202546025
202546026
202546027
202546028
202546029
202546030
202546031
202546263
202546264
202546265
202546266
202546267
202546268
202546269
202546270
202546271
202546272
202546273
202546274
202546275
202546276
202546277
202546279
202546280
202546281
202546282
202546283
202546284
202546285
202546286
202546287
202546288
202546289
202546290
202546291
202546292
202546293
202546294
202546295
202546296
202546298
202546299
202546300
202546301
202546302
202546303
202546304
202546305
202546306
202546307
202546308
202546309
202546310
202546311
202546312
202546313
202546314
202546315
202546316
202546317
202546318
202546319
202546320
202546321
202546322
202546323
202546324
202546325
202546326
202546327
202546328
202546330
202546331
202546332
202546333
202546334
202546335
202546336
202546337
202546338
202546339
202546340
202546341
202546342
202546343
202546344
202546345
202546346
202546347
202546348
202546349
202546350
202546352
202546353
202546354
202546355
202546356
202546357
202546358
202546359
202546360
202546361
202546362
202546363
202546364
202546365
202546366
202546367
202546369
202546370
202546371
202546372
202546373
202546374
202546375
202546376
202546378
202546379
202546380
202546381
202546382
202546383
202546384
202546385
202546386
202546387
202546388
202546389
202546390
202546391
202546392
202546393
202546394
202546395
202546396
202546397
202546398
202546399
202546400
202546401
202546402
202546403
202546404
202546405
202546406
202546407
202546408
202546409
202546410
202546411
202546412
202546413
202546414
202546415
202546416
202546417
202546418
202546419
202546420
202546421
202546422
202546423
202546424
202546425
202546426
202546427
202546428
202546429
202546430
202546431
202546432
202546433
202546434
202546435
202546436
202546437
202546438
202546439
202546440
202546441
202546442
202546443
202546444
202546445
202546446
202546448
202546449
202546450
202546451
202546452
202546453
202546454
202546455
202546456
202546457
202546458
202546459
202546460
202546461
202546462
202546463
202546464
202546465
202546466
202546467
202546468
202546469
202546470
202546471
202546472
202546473
202546474
202546475
202546476
202546477
202546478
202546479
202546480
202546481
202546482
202546483
202546484
202546485
202546486
202546487
202546488
202546489
202546490
202546491
202546492
202546493
202546494
202546495
202546496
202546497
202546500
202546501
202546502
202546504
202546505
202546506
202546507
202546508
202546509
202546510
202546511
202546512
202546513
202546514
202546515
202546516
202546517
202546518
202546519
202546520
202546521
202546522
202546523
202546524
202546525
202546526
202546527
202546528
202546529
202546530
202546531
202546532
202546533
202546534
202546535
202546536
202546537
202546538
202546539
202546540
202546541
202546542
202546543
202546544
202546545
202546546
202546547
202546548
202546549
202546550
202546551
202546552
202546553
202546554
202546555
202546556
202546557
202546558
202546559
202546560
202546561
202546562
202546563
202546564
202546566
202546567
202546568
202546569
202546570
202546571
202546572
202546573
202546574
202546575
202546576
202546577
202546578
202546579
202546580
202546581
202546582
202546583
202546584
202546585
202546586
202546587
202546588
202546590
202546591
202546592
202546593
202546594
202546595
202546596
202546597
202546598
202546599
202546600
202546601
202546603
202546604
202546605
202546606
202546607
202546608
202546609
202546610
202546611
202546612
202546613
202546614
202546615
202546616
202546617
202546619
202546620
202546621
202546622
202546623
202546624
202546625
202546626
202546628
202546629
202546630
202546631
202546632
202546633
202546634
202546635
202546636
202546637
202546638
202546639
202546640
202546641
202546642
202546643
202546644
202546645
202546646
202546647
202546648
202546649
202546650
202546651
202546652
202546653
202546654
202546655
202546656
202546657
202546658
202546659
202546660
202546662
202546663
202546664
202546665
202546666
202546667
202546669
202546670
202546671
202546672
202546673
202546674
202546675
202546676
202546677
202546678
202546679
202546680
202546681
202546682
202546683
202546684
202546685
202546686
202546687
202546688
202546689
202546690
202546691
202546692
202546693
202546694
202546695
202546697
202546698
202546699
202546700
202546701
202546702
202546703
202546704
202546705
202546706
202546707
202546708
202546709
202546710
202546711
202546712
202546713
202546715
202546716
202546717
202546718
202546719
202546720
202546721
202546722
202546723
202546724
202546725
202546726
202546727
202546728
202546729
202546730
202546731
202546732
202546733
202546734
202546735
202546736
202546737
202546738
202546739
202546740
202546741
202546742
202546743
202546744
202546745
202546746
202546747
202546748
202546749
202546750
202546751
202546752
202546753
202546754
202546755
202546756
202546757
202546758
202546759
202546760
202546761
202546762
202546764
202546765
202546766
202546767
202546768
202546769
202546770
202546772
202546773
202546774
202546775
202546776
202546777
202546778
202546779
202546780
202546781
202546782
202546783
202546784
202546785
202546786
202546787
202546788
202546789
202546790
202546791
202546792
202546793
202546794
202546795
202546796
202546797
202546798
202546799
202546800
202546801
202546802
202546803
202546804
202546805
202546806
202546807
202546808
202546809
202546810
202546811
202546812
202546813
202546814
202546815
202546816
202546818
202546820
202546821
202546822
202546823
202546824
202546825
202546826
202546827
202546828
202546829
202546830
202546831
202546832
202546833
202546834
202546835
202546836
202546837
202546839
202546840
202546841
202546842
202546843
202546846
202546847
202546848
202546849
202546850
202546851
202546852
202546853
202546854
202546855
202546856
202546857
202546858
202546859
202546860
202546861
202546862
202546863
202546865
202546866
202546867
202546869
202546870
202546871
202546872
202546873
202546874
202546875
202546876
202546877
202546878
202546879
202546880
202546881
202546882
202546883
202546884
202546887
202546888
202546889
202546890
202546891
202546892
202546893
202546894
202546895
202546897
202546898
202546899
202546900
202546901
202546902
202546903
202546904
202546905
202546906
202546907
202546908
202546909
202546911
202546912
202546913
202546914
202546915
202546916
202546917
202546919
202546920
202546921
202546922
202546923
202546924
202546925
202546926
202546927
202546928
202546929
202546931
202546932
202546934
202546935
202546936
202546937
202546938
202546939
202546940
202546941
202546942
202546943
202546944
202546945
202546946
202546947
202546948
202546949
202546950
202546951
202546952
202546953
202546954
202546955
202546956
202546957
202546958
202546960
202546961
202546962
202546963
202546964
202546965
202546966
202546967
202546969
202546970
202546971
202546972
202546973
202546974
202546975
202546976
202546977
202546978
202546979
202546980
202546981
202546982
202546983
202546984
202546985
202546986
202546987
202546988
202546989
202546990
202546991
202546992
202546993
202546994
202546996
202546997
202546998
202546999
202547000
202547001
202547003
202547004
202547005
202547006
202547007
202547008
202547009
202547010
202547012
202547013
202547014
202547015
202547016
202547017
202547019
202547020
202547021
202547022
202547023
202547024
202547025
202547026
202547027
202547028
202547029
202547030
202547031
202547032
202547033
202547034
202547035
202547036
202547037
202547038
202547039
202547040
202547041
202547042
202547043
202547044
202547045
202547046
202547047
202547048
202547049
202547050
202547051
202547052
202547053
202547054
202547055
202547056
202547057
202547058
202547059
202547060
202547061
202547062
202547063
202547064
202547065
202547066
202547067
202547068
202547069
202547070
202547071
202547072
202547073
202547074
202547076
202547077
202547078
202547079
202547080
202547081
202547082
202547083
202547084
202547085
202547086
202547087
202547088
202547089
202547090
202547091
202547092
202547093
202547094
202547095
202547096
202547097
202547098
202547099
202547100
202547101
202547102
202547103
202547104
202547105
202547106
202547107
202547109
202547110
202547111
202547112
202547113
202547114
202547115
202547116
202547117
202547118
202547119
202547120
202547121
202547122
202547123
202547124
202547125
202547126
202547127
202547128
202547129
202547131
202547132
202547133
202547135
202547136
202547137
202547138
202547140
202547141
202547143
202547144
202547145
202547146
202547147
202547148
202547150
202547151
202547152
202547153
202547364
202547366
202547367
202547368
202547369
202547370
202547371
202547372
202547373
202547374
202547375
202547376
202547377
202547378
202547379
202547380
202547381
202547382
202547385
202547386
202547387
202547390
202547392
202547393
202547394
202547395
202547396
202547397
202547398
202547399
202547401
202547404
202547405
202547406
202547407
202547408
202547409
202547410
202547411
202547412
202547413
202547414
202547415
202547416
202547418
202547419
202547421
202547423
202547424
202547425
202547426
202547427
202547428
202547429
202547431
202547432
202547433
202547434
202547435
202547436
202547437
202547438
202547440
202547444
202547446
202547447
202547448
202547449
202547450
202547455
202547460
202547461
202547462
202547463
202547466
202547467
202547471
202547472
202547473
202547474
202547475
202547476
202547477
202547480
202547481
202547482
202547483
202547484
202547493
202547495
202547497
202547498
202547502
202547505
202547506
202547508
202547509
202547510
202547511
202547513
202547515
202547517
202547518
202547519
202547520
202547521
202547522
202547523
202547524
202547726
202547727
202547728
202547730
202547731
202547732
202547733
202547734
202547735
202547736
202547737
202547738
202547740
202547741
202547742
202547743
202547744
202547745
202547746
202547747
202547748
202547749
202547750
202547751
202547752
202547753
202547754
202547755
202547756
202547757
202547758
202547759
202547760
202547761
202547762
202547763
202547764
202547766
202547768
202547770
202547771
202547772
202547773
202547775
202547776
202547778
202547779
202547780
202547781
202547782
202547783
202547784
202547785
202547786
202547787
202547788
202547789
202547790
202547792
202547793
202547794
202547795
202547796
202547797
202547798
202547799
202547800
202547801
202547802
202547803
202547804
202547805
202547806
202547807
202547808
202547809
202547810
202547811
202547812
202547814
202547815
202547816
202547817
202547818
202547819
202547820
202547821
202547822
202547823
202547824
202547826
202547827
202547828
202547829
202547830
202547831
202547832
202547833
202547834
202547835
202547836
202547837
202547838
202547839
202547840
202547841
202547842
202547843
202547844
202547845
202547846
202547847
202547848
202547849
202547850
202547851
202547852
202547853
202547854
202547856
202547857
202547858
202547859
202547860
202547861
202547862
202547863
202547864
202547865
202547866
202547867
202547868
202547869
202547870
202547871
202547873
202547874
202547875
202547876
202547877
202547878
202547879
202547881
202547882
202547883
202547884
202547885
202547886
202547887
202547888
202547889
202547890
202547891
202547892
202547893
202547894
202547895
202547896
202547897
202547898
202547899
202547900
202547901
202547902
202547903
202547904
202547906
202547907
202547908
202547909
202547910
202547911
202547913
202547914
202547915
202547917
202547918
202547919
202547920
202547921
202547922
202547923
202547924
202547925
202547926
202547927
202547928
202547929
202547930
202547931
202547932
202547933
202547934
202547935
202547936
202547937
202547938
202547939
202547940
202547941
202547942
202547943
202547944
202547945
202547946
202547947
202547948
202547949
202547950
202547951
202547952
202547953
202547954
202547955
202547956
202547957
202547958
202547959
202547960
202547961
202547962
202547964
202547965
202547966
202547967
202547968
202547969
202547970
202547971
202547972
202547973
202547974
202547976
202547977
202547978
202547979
202547980
202547981
202547982
202547983
202547984
202547985
202547986
202547987
202547988
202547989
202547990
202547991
202547992
202547993
202547994
202547995
202547996
202547997
202547998
202547999
202548000
202548001
202548002
202548003
202548004
202548005
202548006
202548007
202548008
202548009
202548010
202548011
202548012
202548013
202548014
202548015
202548017
202548018
202548019
202548020
202548021
202548022
202548023
202548025
202548026
202548027
202548028
202548029
202548030
202548031
202548032
202548033
202548034
202548035
202548036
202548037
202548038
202548039
202548040
202548041
202548042
202548043
202548045
202548046
202548047
202548048
202548049
202548050
202548051
202548052
202548053
202548054
202548055
202548056
202548057
202548058
202548059
202548060
202548061
202548062
202548063
202548064
202548065
202548066
202548067
202548068
202548069
202548070
202548071
202548072
202548073
202548074
202548075
202548076
202548077
202548078
202548079
202548080
202548081
202548082
202548084
202548085
202548086
202548087
202548088
202548089
202548090
202548091
202548092
202548093
202548094
202548095
202548096
202548097
202548098
202548099
202548100
202548101
202548102
202548103
202548104
202548105
202548106
202548107
202548108
202548109
202548110
202548111
202548112
202548113
202548116
202548117
202548118
202548119
202548120
202548121
202548122
202548123
202548124
202548125
202548126
202548127
202548128
202548129
202548130
202548132
202548133
202548134
202548135
202548136
202548137
202548138
202548139
202548140
202548141
202548143
202548144
202548145
202548146
202548147
202548148
202548149
202548150
202548151
202548152
202548153
202548154
202548155
202548156
202548157
202548159
202548160
202548161
202548162
202548163
202548164
202548165
202548166
202548167
202548168
202548169
202548170
202548171
202548172
202548173
202548174
202548175
202548176
202548177
202548179
202548180
202548181
202548183
202548184
202548185
202548186
202548187
202548188
202548189
202548190
202548191
202548192
202548193
202548194
202548195
202548196
202548197
202548198
202548199
202548200
202548201
202548202
202548204
202548205
202548206
202548207
202548208
202548209
202548210
202548211
202548212
202548213
202548214
202548215
202548216
202548217
202548218
202548219
202548220
202548221
202548223
202548224
202548226
202548227
202548228
202548229
202548230
202548231
202548232
202548233
202548234
202548235
202548236
202548238
202548239
202548240
202548241
202548242
202548243
202548244
202548245
202548246
202548247
202548248
202548249
202548250
202548251
202548252
202548253
202548254
202548255
202548256
202548257
202548258
202548259
202548260
202548261
202548262
202548263
202548264
202548265
202548266
202548267
202548268
202548269
202548270
202548271
202548272
202548274
202548275
202548276
202548277
202548278
202548280
202548281
202548282
202548283
202548284
202548286
202548287
202548288
202548289
202548290
202548291
202548292
202548293
202548294
202548295
202548296
202548297
202548298
202548299
202548300
202548301
202548302
202548303
202548304
202548305
202548306
202548307
202548308
202548309
202548310
202548311
202548312
202548313
202548314
202548315
202548316
202548317
202548318
202548319
202548320
202548321
202548322
202548323
202548324
202548325
202548326
202548327
202548328
202548329
202548330
202548331
202548332
202548333
202548334
202548335
202548336
202548337
202548338
202548339
202548340
202548341
202548342
202548343
202548344
202548345
202548346
202548347
202548348
202548349
202548350
202548351
202548352
202548353
202548354
202548355
202548356
202548357
202548358
202548359
202548360
202548361
202548362
202548363
202548364
202548365
202548366
202548367
202548368
202548369
202548370
202548371
202548372
202548373
202548374
202548375
202548376
202548377
202548378
202548379
202548380
202548381
202548382
202548383
202548384
202548385
202548386
202548387
202548388
202548389
202548390
202548391
202548392
202548393
202548394
202548395
202548396
202548397
202548398
202548399
202548400
202548401
202548402
202548403
202548404
202548405
202548406
202548408
202548409
202548411
202548412
202548413
202548414
202548415
202548416
202548417
202548418
202548419
202548420
202548421
202548422
202548423
202548424
202548425
202548426
202548427
202548428
202548429
202548430
202548431
202548432
202548433
202548434
202548435
202548436
202548437
202548438
202548439
202548440
202548441
202548442
202548443
202548444
202548445
202548446
202548447
202548448
202548449
202548451
202548452
202548453
202548454
202548455
202548456
202548457
202548458
202548459
202548460
202548461
202548462
202548463
202548464
202548465
202548466
202548467
202548468
202548469
202548470
202548471
202548472
202548473
202548474
202548475
202548476
202548477
202548478
202548479
202548480
202548481
202548482
202548483
202548484
202548485
202548486
202548487
202548488
202548489
202548490
202548491
202548492
202548493
202548494
202548495
202548496
202548498
202548499
202548500
202548501
202548502
202548503
202548504
202548505
202548506
202548507
202548509
202548510
202548511
202548512
202548513
202548514
202548515
202548516
202548517
202548518
202548519
202548520
202548521
202548522
202548523
202548524
202548525
202548526
202548527
202548528
202548529
202548530
202548531
202548532
202548533
202548534
202548535
202548536
202548537
202548538
202548539
202548540
202548541
202548542
202548543
202548544
202548545
202548546
202548547
202548548
202548549
202548550
202548551
202548552
202548553
202548554
202548555
202548556
202548557
202548558
202548559
202548560
202548561
202548562
202548563
202548564
202548565
202548566
202548567
202548568
202548569
202548570
202548571
202548572
202548573
202548574
202548575
202548577
202548578
202548579
202548580
202548581
202548582
202548583
202548584
202548585
202548586
202548587
202548588
202548589
202548590
202548591
202548592
202548593
202548594
202548595
202548596
202548597
202548598
202548599
202548600
202548601
202548602
202548603
202548604
202548605
202548606
202548607
202548608
202548609
202548610
202548611
202548612
202548613
202548614
202548616
202548617
202548618
202548619
202548620
202548621
202548622
202548623
202548624
202548625
202548626
202548627
202548628
202548629
202548630
202548631
202548632
202548633
202548634
202548635
202548636
202548637
202548638
202548639
202548640
202548641
202548642
202548643
202548644
202548645
202548646
202548648
202548649
202548769
202548772
202548775
202548781
202548782
202548783
202548785
202548786
202548787
202548789
202548790
202548792
202548793
202548795
202548798
202548800
202548801
202548803
202548804
202548805
202548806
202548807
202548809
202548811
202548813
202548814
202548815
202548817
202548819
202548820
202548821
202548822
202548823
202548825
202548826
202548827
202548831
202548832
202548833
202548834
202548835
202548837
202548838
202548839
202548840
202548841
202548842
202548845
202548846
202548847
202548848
202548849
202548854
202548856
202548857
202548858
202548859
202548860
202548861
202548863
202548864
202548865
202548866
202548867
202548868
202548869
202548871
202548872
202548873
202548874
202548875
202548876
202548877
202548878
202548879
202548881
202548882
202548883
202548884
202548885
202548886
202548888
202548889
202548890
202548891
202548892
202548893
202548894
202548895
202548896
202548897
202548898
202548899
202548900
202548901
202548902
202548903
202548905
202548906
202548907
202548908
202548909
202548910
202548911
202548912
202548913
202548914
202548915
202548916
202548917
202548918
202548919
202548920
202548921
202548922
202548923
202548924
202548925
202548926
202548927
202548928
202548929
202548930
202548931
202548932
202548933
202548934
202548935
202548936
202548937
202548938
202548939
202548940
202548941
202548942
202548944
202548945
202548946
202548947
202548948
202548949
202548950
202548951
202548954
202548955
202548956
202548958
202548959
202548960
202548961
202548962
202548963
202548964
202548965
202548966
202548967
202548968
202548969
202548970
202548971
202548972
202548973
202548974
202548975
202548976
202548979
202548980
202548982
202548983
202548985
202548986
202548988
202548989
202548990
202548991
202548993
202548994
202548995
202548996
202548997
202548998
202548999
202549000
202549002
202549003
202549004
202549006
202549007
202549008
202549009
202549010
202549011
202549012
202549013
202549014
202549015
202549016
202549017
202549018
202549019
202549020
202549021
202549022
202549024
202549025
202549026
202549027
202549028
202549029
202549030
202549031
202549032
202549033
202549034
202549035
202549036
202549037
202549039
202549040
202549041
202549042
202549043
202549045
202549046
202549047
202549048
202549049
202549050
202549051
202549052
202549053
202549054
202549055
202549056
202549057
202549058
202549059
202549060
202549061
202549062
202549063
202549064
202549065
202549066
202549067
202549068
202549069
202549070
202549071
202549072
202549073
202549074
202549075
202549076
202549077
202549078
202549079
202549080
202549081
202549082
202549083
202549084
202549085
202549086
202549087
202549088
202549089
202549090
202549091
202549092
202549094
202549095
202549096
202549097
202549098
202549100
202549101
202549102
202549103
202549104
202549105
202549106
202549107
202549108
202549110
202549111
202549112
202549113
202549114
202549115
202549116
202549117
202549118
202549119
202549120
202549121
202549122
202549123
202549124
202549125
202549126
202549127
202549128
202549129
202549130
202549131
202549132
202549133
202549134
202549135
202549137
202549138
202549139
202549140
202549141
202549142
202549143
202549144
202549145
202549146
202549147
202549148
202549149
202549151
202549152
202549153
202549154
202549155
202549156
202549157
202549158
202549159
202549160
202549161
202549162
202549163
202549164
202549165
202549167
202549168
202549169
202549170
202549171
202549172
202549173
202549174
202549175
202549176
202549177
202549178
202549179
202549180
202549181
202549182
202549183
202549184
202549185
202549186
202549187
202549188
202549190
202549191
202549193
202549194
202549196
202549197
202549198
202549199
202549201
202549202
202549203
202549204
202549205
202549206
202549207
202549208
202549209
202549210
202549211
202549213
202549214
202549215
202549216
202549217
202549218
202549219
202549220
202549221
202549222
202549223
202549224
202549225
202549226
202549228
202549229
202549230
202549231
202549232
202549233
202549234
202549235
202549236
202549237
202549238
202549239
202549240
202549241
202549242
202549243
202549244
202549245
202549246
202549247
202549248
202549249
202549250
202549251
202549252
202549254
202549255
202549256
202549257
202549258
202549259
202549260
202549261
202549262
202549263
202549264
202549265
202549266
202549267
202549268
202549269
202549270
202549271
202549272
202549273
202549274
202549275
202549276
202549277
202549278
202549279
202549281
202549282
202549283
202549284
202549285
202549286
202549287
202549288
202549289
202549290
202549291
202549292
202549293
202549294
202549295
202549296
202549297
202549298
202549299
202549301
202549302
202549303
202549304
202549305
202549306
202549307
202549308
202549309
202549310
202549311
202549312
202549313
202549314
202549315
202549316
202549317
202549318
202549319
202549320
202549321
202549322
202549323
202549325
202549326
202549327
202549328
202549329
202549330
202549331
202549332
202549333
202549334
202549335
202549336
202549337
202549339
202549340
202549341
202549342
202549343
202549344
202549345
202549346
202549347
202549348
202549349
202549350
202549351
202549352
202549353
202549354
202549355
202549356
202549357
202549358
202549359
202549360
202549361
202549362
202549363
202549364
202549365
202549366
202549367
202549368
202549370
202549372
202549373
202549374
202549375
202549376
202549377
202549378
202549379
202549380
202549381
202549382
202549383
202549384
202549385
202549386
202549387
202549388
202549389
202549390
202549391
202549392
202549393
202549394
202549395
202549396
202549398
202549399
202549400
202549401
202549402
202549403
202549405
202549406
202549407
202549408
202549409
202549410
202549411
202549412
202549413
202549414
202549415
202549418
202549419
202549420
202549421
202549422
202549423
202549424
202549425
202549426
202549427
202549428
202549429
202549430
202549431
202549432
202549433
202549434
202549435
202549436
202549437
202549438
202549439
202549440
202549441
202549443
202549444
202549445
202549446
202549448
202549449
202549450
202549451
202549452
202549453
202549454
202549455
202549456
202549457
202549458
202549459
202549460
202549461
202549462
202549463
202549464
202549465
202549466
202549467
202549468
202549469
202549470
202549471
202549472
202549473
202549474
202549475
202549476
202549477
202549478
202549479
202549480
202549481
202549681
202549683
202549684
202549685
202549686
202549687
202549688
202549689
202549690
202549691
202549692
202549693
202549694
202549695
202549696
202549698
202549699
202549700
202549701
202549702
202549703
202549704
202549705
202549706
202549707
202549937
202549938
202549939
202549940
202549941
202549942
202549943
202549945
202549947
202549948
202549950
202549951
202549952
202549953
202549954
202549955
202549956
202549957
202549958
202549959
202549960
202549961
202549962
202549963
202549964
202549965
202549966
202549967
202549969
202549970
202549971
202549972
202549973
202549974
202549975
202549976
202549977
202549978
202549979
202549980
202549981
202549982
202549983
202549984
202549985
202549986
202549987
202549988
202549989
202549990
202549991
202549992
202549993
202549994
202549995
202549996
202549997
202549998
202549999
202550000
202550001
202550002
202550003
202550004
202550005
202550006
202550007
202550008
202550009
202550010
202550012
202550013
202550014
202550015
202550016
202550017
202550018
202550019
202550020
202550021
202550022
202550023
202550024
202550025
202550026
202550027
202550028
202550029
202550030
202550031
202550032
202550033
202550034
202550035
202550036
202550037
202550038
202550039
202550040
202550041
202550042
202550043
202550044
202550045
202550046
202550047
202550048
202550049
202550050
202550051
202550052
202550053
202550054
202550055
202550056
202550057
202550058
202550059
202550060
202550061
202550062
202550063
202550064
202550065
202550066
202550067
202550068
202550069
202550070
202550071
202550072
202550073
202550074
202550075
202550076
202550077
202550078
202550079
202550080
202550081
202550082
202550083
202550084
202550085
202550086
202550087
202550088
202550089
202550090
202550091
202550092
202550093
202550094
202550095
202550096
202550097
202550098
202550099
202550100
202550101
202550102
202550103
202550104
202550105
202550106
202550107
202550108
202550109
202550110
202550112
202550113
202550114
202550115
202550116
202550117
202550118
202550119
202550120
202550121
202550122
202550123
202550124
202550125
202550126
202550127
202550128
202550129
202550130
202550132
202550133
202550134
202550135
202550136
202550137
202550138
202550139
202550140
202550141
202550142
202550143
202550144
202550145
202550146
202550147
202550148
202550149
202550150
202550151
202550152
202550153
202550154
202550155
202550156
202550157
202550158
202550159
202550160
202550161
202550162
202550163
202550164
202550165
202550166
202550167
202550168
202550169
202550170
202550171
202550172
202550173
202550174
202550175
202550176
202550177
202550178
202550179
202550180
202550181
202550183
202550184
202550185
202550186
202550187
202550188
202550189
202550190
202550191
202550192
202550193
202550194
202550195
202550196
202550197
202550198
202550199
202550200
202550201
202550202
202550203
202550204
202550205
202550206
202550207
202550208
202550209
202550210
202550211
202550212
202550213
202550214
202550215
202550216
202550217
202550218
202550219
202550220
202550221
202550222
202550223
202550224
202550225
202550226
202550227
202550228
202550229
202550230
202550231
202550232
202550233
202550234
202550235
202550236
202550237
202550238
202550239
202550240
202550241
202550243
202550244
202550245
202550246
202550247
202550248
202550249
202550250
202550251
202550252
202550253
202550254
202550255
202550256
202550257
202550258
202550259
202550260
202550261
202550262
202550263
202550264
202550265
202550266
202550267
202550268
202550269
202550270
202550271
202550272
202550273
202550274
202550275
202550276
202550277
202550278
202550279
202550280
202550281
202550282
202550283
202550284
202550285
202550286
202550287
202550288
202550289
202550290
202550291
202550292
202550293
202550294
202550295
202550296
202550297
202550298
202550390
202550391
202550392
202550393
202550394
202550398
202550399
202550400
202550401
202550402
202550403
202550404
202550405
202550406
202550407
202550408
202550409
202550410
202550411
202550412
202550413
202550414
202550415
202550416
202550417
202550419
202550420
202550422
202550423
202550425
202550428
202550429
202550430
202550431
202550432
202550434
202550435
202550436
202550437
202550438
202550439
202550441
202550442
202550443
202550444
202550446
202550447
202550448
202550451
202550452
202550453
202550454
202550456
202550458
202550459
202550460
202550461
202550463
202550464
202550465
202550466
202550467
202550469
202550470
202550471
202550472
202550473
202550474
202550475
202550476
202550477
202550478
202550479
202550480
202550481
202550482
202550483
202550485
202550486
202550487
202550488
202550489
202550490
202550491
202550493
202550494
202550495
202550496
202550497
202550498
202550499
202550500
202550501
202550502
202550503
202550504
202550505
202550506
202550507
202550508
202550509
202550510
202550511
202550512
202550513
202550514
202550515
202550516
202550517
202550518
202550519
202550521
202550522
202550523
202550524
202550525
202550526
202550527
202550528
202550529
202550530
202550531
202550532
202550533
202550534
202550535
202550536
202550537
202550539
202550540
202550541
202550542
202550543
202550545
202550546
202550547
202550548
202550549
202550550
202550551
202550552
202550553
202550554
202550556
202550557
202550558
202550559
202550560
202550561
202550562
202550563
202550564
202550565
202550566
202550567
202550568
202550569
202550571
202550572
202550573
202550574
202550575
202550576
202550579
202550623
202550624
202550625
202550626
202550627
202550628
202550629
202550630
202550631
202550632
202550633
202550634
202550635
202550636
202550836
202550837
202550838
202550839
202550840
202550841
202550843
202550844
202550845
202550846
202550847
202550848
202550849
202550850
202550851
202550852
202550853
202550854
202550855
202550856
202550857
202550859
202550860
202550861
202550862
202550863
202550865
202550866
202550867
202550868
202550869
202550870
202550871
202550872
202550873
202550874
202550875
202550876
202550877
202550878
202550879
202550880
202550881
202550882
202550884
202550886
202550887
202550888
202550889
202550890
202550891
202550892
202550893
202550894
202550895
202550896
202550897
202550898
202550899
202550900
202550901
202550902
202550903
202550904
202550905
202550906
202550907
202550908
202550909
202550910
202550911
202550912
202550913
202550914
202550915
202550916
202550917
202550918
202550919
202550920
202550921
202550922
202550923
202550924
202550925
202550926
202550927
202550928
202550929
202550930
202550931
202550932
202550933
202550934
202550935
202550936
202550937
202550938
202550939
202550940
202550941
202550942
202550943
202550944
202550945
202550946
202550947
202550948
202550949
202550950
202550951
202550952
202550953
202550954
202550955
202550956
202550957
202550958
202550959
202550960
202550961
202550962
202550963
202550964
202550965
202550966
202550967
202550968
202550969
202550970
202550971
202550972
202550973
202550974
202550975
202550976
202550977
202550978
202550979
202550980
202550982
202550983
202550984
202550985
202550986
202550987
202550988
202550989
202550990
202550991
202550992
202550993
202550995
202550996
202550997
202550998
202550999
202551000
202551001
202551002
202551003
202551004
202551005
202551006
202551007
202551008
202551009
202551010
202551011
202551012
202551013
202551014
202551015
202551016
202551017
202551018
202551019
202551020
202551021
202551022
202551023
202551024
202551025
202551026
202551027
202551028
202551029
202551030
202551032
202551033
202551034
202551035
202551036
202551037
202551038
202551039
202551040
202551041
202551042
202551043
202551044
202551045
202551046
202551047
202551048
202551049
202551050
202551051
202551052
202551053
202551054
202551055
202551056
202551057
202551058
202551059
202551061
202551062
202551063
202551064
202551065
202551066
202551067
202551068
202551069
202551070
202551071
202551072
202551073
202551074
202551075
202551076
202551077
202551078
202551080
202551081
202551082
202551083
202551084
202551085
202551086
202551087
202551089
202551090
202551091
202551092
202551093
202551094
202551095
202551096
202551097
202551098
202551099
202551100
202551101
202551102
202551103
202551104
202551105
202551106
202551107
202551108
202551109
202551110
202551111
202551112
202551113
202551114
202551115
202551116
202551117
202551118
202551119
202551120
202551121
202551122
202551123
202551124
202551125
202551126
202551127
202551128
202551129
202551130
202551131
202551132
202551134
202551135
202551136
202551137
202551138
202551139
202551140
202551141
202551142
202551143
202551144
202551145
202551147
202551148
202551149
202551150
202551151
202551152
202551153
202551154
202551155
202551156
202551157
202551159
202551160
202551161
202551162
202551163
202551164
202551165
202551166
202551167
202551168
202551169
202551170
202551171
202551172
202551173
202551174
202551175
202551176
202551177
202551178
202551179
202551180
202551181
202551182
202551183
202551184
202551185
202551186
202551187
202551188
202551189
202551190
202551191
202551192
202551193
202551194
202551195
202551196
202551197
202551198
202551199
202551200
202551201
202551203
202551204
202551205
202551206
202551207
202551208
202551209
202551210
202551211
202551213
202551214
202551215
202551216
202551217
202551218
202551219
202551220
202551221
202551222
202551223
202551224
202551225
202551226
202551228
202551229
202551230
202551231
202551232
202551233
202551234
202551235
202551236
202551237
202551238
202551239
202551240
202551241
202551242
202551243
202551244
202551245
202551247
202551248
202551249
202551250
202551251
202551252
202551253
202551254
202551256
202551257
202551258
202551259
202551260
202551261
202551262
202551263
202551264
202551265
202551266
202551267
202551268
202551269
202551270
202551271
202551272
202551273
202551274
202551275
202551276
202551277
202551278
202551279
202551280
202551281
202551282
202551283
202551284
202551285
202551286
202551287
202551288
202551289
202551290
202551291
202551292
202551293
202551294
202551295
202551296
202551297
202551299
202551300
202551301
202551302
202551303
202551304
202551305
202551306
202551307
202551308
202551309
202551310
202551311
202551312
202551313
202551314
202551315
202551316
202551317
202551318
202551319
202551320
202551321
202551322
202551323
202551324
202551325
202551326
202551327
202551328
202551329
202551330
202551331
202551332
202551333
202551334
202551335
202551336
202551337
202551338
202551339
202551340
202551341
202551342
202551343
202551344
202551345
202551346
202551347
202551348
202551349
202551350
202551351
202551352
202551353
202551354
202551355
202551356
202551357
202551358
202551359
202551360
202551361
202551362
202551363
202551364
202551365
202551366
202551367
202551368
202551369
202551370
202551371
202551372
202551373
202551374
202551375
202551376
202551377
202551378
202551379
202551380
202551381
202551382
202551383
202551384
202551385
202551386
202551387
202551388
202551390
202551391
202551392
202551393
202551394
202551395
202551396
202551397
202551398
202551399
202551400
202551401
202551402
202551403
202551404
202551405
202551406
202551407
202551409
202551410
202551411
202551412
202551413
202551414
202551415
202551416
202551417
202551418
202551419
202551420
202551421
202551422
202551423
202551424
202551425
202551426
202551427
202551428
202551429
202551430
202551431
202551432
202551433
202551434
202551435
202551436
202551437
202551438
202551439
202551440
202551441
202551442
202551443
202551444
202551445
202551446
202551447
202551448
202551449
202551450
202551451
202551452
202551453
202551454
202551455
202551456
202551457
202551458
202551459
202551460
202551461
202551462
202551463
202551464
202551465
202551466
202551467
202551468
202551469
202551471
202551472
202551473
202551474
202551475
202551476
202551477
202551478
202551479
202551480
202551481
202551482
202551483
202551484
202551485
202551486
202551487
202551488
202551489
202551490
202551491
202551492
202551493
202551494
202551495
202551496
202551497
202551498
202551499
202551500
202551501
202551502
202551503
202551504
202551505
202551506
202551507
202551508
202551509
202551510
202551511
202551512
202551513
202551514
202551515
202551516
202551517
202551518
202551519
202551520
202551521
202551522
202551523
202551524
202551525
202551526
202551527
202551528
202551529
202551530
202551531
202551532
202551533
202551534
202551535
202551536
202551537
202551538
202551539
202551540
202551542
202551543
202551544
202551545
202551546
202551547
202551548
202551549
202551550
202551551
202551552
202551553
202551554
202551555
202551556
202551557
202551558
202551559
202551560
202551561
202551562
202551563
202551564
202551565
202551566
202551567
202551568
202551569
202551570
202551571
202551572
202551573
202551574
202551575
202551576
202551577
202551578
202551579
202551580
202551581
202551582
202551583
202551584
202551585
202551586
202551587
202551588
202551589
202551590
202551591
202551592
202551593
202551594
202551595
202551596
202551597
202551598
202551599
202551600
202551601
202551602
202551603
202551604
202551605
202551606
202551607
202551608
202551609
202551610
202551611
202551612
202551613
202551614
202551615
202551616
202551617
202551618
202551619
202551620
202551621
202551622
202551623
202551624
202551625
202551626
202551627
202551628
202551629
202551630
202551631
202551632
202551633
202551634
202551635
202551636
202551637
202551638
202551639
202551640
202551641
202551642
202551643
202551644
202551645
202551646
202551647
202551648
202551649
202551650
202551651
202551652
202551653
202551654
202551655
202551656
202551657
202551658
202551659
202551660
202551661
202551662
202551663
202551664
202551665
202551666
202551667
202551668
202551669
202551670
202551671
202551672
202551673
202551674
202551675
202551676
202551677
202551678
202551679
202551680
202551681
202551682
202551683
202551684
202551685
202551686
202551687
202551688
202551689
202551690
202551691
202551692
202551693
202551694
202551695
202551696
202551697
202551698
202551699
202551700
202551701
202551702
202551703
202551704
202551705
202551706
202551707
202551708
202551709
202551710
202551711
202551712
202551713
202551714
202551715
202551716
202551717
202551718
202551719
202551720
202551722
202551723
202551724
202551725
202551726
202551727
202551728
202551729
202551730
202551731
202551732
202551733
202551734
202551735
202551736
202551737
202551738
202551740
202551742
202551743
202551744
202551745
202551746
202551747
202551748
202551749
202551750
202551751
202551752
202551753
202551754
202551755
202551756
202551757
202551758
202551759
202551760
202551761
202551762
202551764
202551765
202551766
202551767
202551768
202551769
202551770
202551771
202551772
202551773
202551774
202551775
202551776
202551777
202551778
202551779
202551780
202551781
202551782
202551783
202551784
202551785
202551786
202551787
202551788
202551789
202551790
202551791
202551792
202551793
202551794
202551795
202551796
202551797
202551798
202551799
202551800
202551801
202551803
202551804
202551805
202551807
202551808
202551809
202551810
202551811
202551812
202551813
202551814
202551815
202551816
202551817
202551818
202551819
202551820
202551943
202551945
202551946
202551947
202551948
202551949
202551950
202551951
202551952
202551973
202551976
202551977
202551978
202551979
202551980
202551981
202551982
202551983
202551984
202551985
202551986
202551987
202551988
202551989
202551992
202551993
202551994
202551995
202551996
202551997
202551998
202551999
202552000
202552001
202552002
202552003
202552004
202552005
202552006
202552007
202552008
202552009
202552010
202552011
202552012
202552013
202552014
202552015
202552016
202552017
202552018
202552019
202552020
202552021
202552024
202552025
202552026
202552028
202552029
202552030
202552031
202552032
202552033
202552034
202552035
202552036
202552037
202552038
202552039
202552040
202552041
202552042
202552043
202552044
202552045
202552046
202552048
202552049
202552050
202552052
202552053
202552054
202552055
202552056
202552057
202552058
202552059
202552060
202552061
202552062
202552063
202552064
202552065
202552066
202552067
202552068
202552069
202552070
202552071
202552072
202552073
202552074
202552075
202552076
202552078
202552080
202552081
202552082
202552083
202552084
202552087
202552088
202552089
202552090
202552091
202552092
202552093
202552096
202552098
202552099
202552100
202552101
202552102
202552103
202552104
202552105
202552108
202552109
202552110
202552112
202552113
202552114
202552115
202552116
202552117
202552118
202552119
202552120
202552122
202552123
202552124
202552379
202552380
202552382
202552383
202552384
202552385
202552386
202552387
202552389
202552390
202552391
202552392
202552393
202552394
202552396
202552397
202552398
202552399
202552400
202552401
202552402
202552403
202552404
202552405
202552406
202552407
202552408
202552409
202552410
202552411
202552412
202552413
202552414
202552415
202552416
202552417
202552418
202552419
202552420
202552421
202552422
202552423
202552424
202552425
202552426
202552427
202552428
202552429
202552430
202552431
202552432
202552433
202552434
202552435
202552436
202552437
202552438
202552439
202552440
202552441
202552442
202552443
202552444
202552446
202552447
202552448
202552449
202552450
202552451
202552452
202552453
202552454
202552455
202552456
202552457
202552458
202552459
202552461
202552462
202552463
202552464
202552465
202552466
202552467
202552468
202552469
202552470
202552471
202552472
202552473
202552474
202552475
202552476
202552477
202552478
202552479
202552480
202552481
202552482
202552483
202552484
202552485
202552486
202552487
202552488
202552489
202552490
202552491
202552492
202552493
202552494
202552495
202552496
202552497
202552498
202552499
202552500
202552502
202552503
202552504
202552505
202552506
202552507
202552508
202552509
202552510
202552511
202552512
202552513
202552514
202552515
202552516
202552517
202552518
202552519
202552520
202552522
202552523
202552524
202552525
202552526
202552527
202552528
202552529
202552530
202552531
202552532
202552533
202552534
202552535
202552536
202552537
202552538
202552539
202552540
202552541
202552542
202552543
202552544
202552545
202552546
202552548
202552549
202552550
202552551
202552552
202552553
202552554
202552555
202552556
202552557
202552558
202552559
202552560
202552561
202552562
202552563
202552564
202552565
202552566
202552567
202552568
202552569
202552570
202552571
202552572
202552573
202552574
202552575
202552576
202552577
202552578
202552579
202552580
202552581
202552582
202552583
202552584
202552585
202552586
202552587
202552588
202552589
202552590
202552591
202552592
202552593
202552594
202552595
202552596
202552597
202552598
202552599
202552600
202552601
202552602
202552603
202552604
202552605
202552606
202552607
202552608
202552609
202552610
202552611
202552612
202552613
202552614
202552615
202552616
202552617
202552618
202552619
202552620
202552621
202552622
202552623
202552624
202552625
202552626
202552628
202552629
202552630
202552632
202552633
202552634
202552636
202552637
202552638
202552639
202552640
202552641
202552642
202552643
202552644
202552645
202552646
202552647
202552648
202552649
202552650
202552651
202552652
202552653
202552654
202552655
202552656
202552657
202552658
202552659
202552660
202552661
202552663
202552664
202552665
202552666
202552667
202552668
202552669
202552670
202552671
202552672
202552673
202552674
202552675
202552676
202552677
202552678
202552679
202552680
202552681
202552682
202552683
202552684
202552686
202552687
202552688
202552689
202552690
202552691
202552692
202552693
202552694
202552695
202552696
202552697
202552698
202552699
202552700
202552701
202552702
202552703
202552704
202552705
202552706
202552707
202552708
202552709
202552711
202552712
202552713
202552714
202552715
202552716
202552717
202552718
202552719
202552720
202552721
202552722
202552723
202552724
202552725
202552726
202552727
202552728
202552729
202552730
202552731
202552732
202552733
202552734
202552735
202552736
202552737
202552738
202552739
202552740
202552742
202552743
202552744
202552745
202552746
202552747
202552748
202552749
202552750
202552751
202552752
202552753
202552754
202552755
202552756
202552757
202552758
202552759
202552760
202552761
202552762
202552763
202552764
202552765
202552766
202552767
202552768
202552769
202552770
202552771
202552772
202552773
202552774
202552775
202552776
202552777
202552778
202552779
202552780
202552781
202552782
202552783
202552784
202552785
202552786
202552787
202552788
202552789
202552790
202552791
202552792
202552793
202552794
202552795
202552796
202552797
202552798
202552799
202552800
202552801
202552802
202552803
202552805
202552806
202552807
202552808
202552809
202552811
202552812
202552813
202552814
202552815
202552817
202552818
202552819
202552820
202552821
202552822
202552823
202552824
202552825
202552826
202552827
202552828
202552829
202552830
202552831
202552832
202552833
202552834
202552835
202552836
202552837
202552838
202552839
202552840
202552841
202552842
202552843
202552844
202552845
202552846
202552847
202552848
202552849
202552850
202552851
202552852
202552853
202552854
202552888
202552889
202552890
202552891
202552892
202552894
202552895
202552896
202552897
202552898
202552899
202552900
202552901
202552902
202552903
202552904
202552905
202552906
202552907
202552908
202552909
202552910
202552911
202552912
202552913
202552914
202552915
202552916
202552917
202552918
202552919
202552920
202552922
202552923
202552924
202552925
202552926
202552928
202552929
202552930
202552931
202552932
202552933
202552934
202552935
202552936
202552937
202552938
202552939
202552940
202552941
202552942
202552944
202552945
202552946
202552947
202552948
202552949
202552950
202552951
202552952
202552953
202552954
202552955
202552956
202552957
202552958
202552959
202552960
202552961
202552962
202552963
202552964
202552965
202552966
202552967
202552968
202552969
202552970
202552971
202552972
202552973
202552974
202552975
202552976
202552977
202552978
202552979
202552980
202552981
202552985
202552986
202552987
202552988
202552989
202552990
202552991
202552992
202552993
202552994
202552995
202552996
202552997
202552998
202552999
202553000
202553001
202553002
202553003
202553004
202553005
202553006
202553007
202553008
202553009
202553010
202553011
202553012
202553013
202553014
202553015
202553016
202553017
202553018
202553019
202553020
202553021
202553022
202553023
202553024
202553025
202553026
202553027
202553028
202553029
202553030
202553032
202553033
202553034
202553035
202553036
202553037
202553038
202553039
202553040
202553041
202553042
202553043
202553044
202553045
202553046
202553047
202553048
202553049
202553050
202553051
202553052
202553053
202553054
202553055
202553056
202553057
202553058
202553059
202553060
202553061
202553062
202553063
202553065
202553066
202553067
202553068
202553069
202553070
202553071
202553072
202553073
202553074
202553075
202553076
202553077
202553078
202553079
202553080
202553081
202553082
202553083
202553084
202553085
202553086
202553087
202553088
202553089
202553090
202553091
202553092
202553093
202553094
202553095
202553096
202553097
202553098
202553099
202553100
202553101
202553102
202553103
202553104
202553105
202553106
202553107
202553108
202553109
202553110
202553111
202553112
202553113
202553114
202553115
202553116
202553117
202553118
202553119
202553120
202553121
202553122
202553123
202553124
202553125
202553126
202553127
202553128
202553129
202553130
202553131
202553132
202553133
202553134
202553135
202553136
202553137
202553138
202553139
202553140
202553141
202553142
202553143
202553144
202553145
202553147
202553148
202553149
202553151
202553152
202553153
202553154
202553155
202553156
202553157
202553158
202553159
202553160
202553161
202553162
202553163
202553164
202553165
202553166
202553167
202553168
202553169
202553170
202553171
202553172
202553173
202553174
202553175
202553176
202553177
202553178
202553179
202553180
202553181
202553182
202553183
202553184
202553185
202553186
202553187
202553188
202553189
202553190
202553191
202553192
202553193
202553194
202553195
202553196
202553197
202553198
202553199
202553200
202553201
202553202
202553203
202553204
202553205
202553207
202553208
202553209
202553210
202553211
202553212
202553213
202553214
202553215
202553216
202553219
202553220
202553221
202553222
202553223
202553224
202553225
202553226
202553227
202553228
202553229
202553230
202553231
202553232
202553233
202553234
202553235
202553236
202553237
202553238
202553239
202553240
202553241
202553242
202553243
202553244
202553245
202553246
202553247
202553248
202553249
202553250
202553251
202553252
202553253
202553254
202553255
202553256
202553257
202553258
202553259
202553445
202553446
202553447
202553449
202553450
202553451
202553452
202553453
202553454
202553455
202553456
202553457
202553458
202553459
202553461
202553462
202553463
202553464
202553465
202553466
202553467
202553471
202553472
202553473
202553474
202553475
202553476
202553477
202553478
202553479
202553480
202553481
202553482
202553483
202553484
202553485
202553486
202553487
202553488
202553490
202553491
202553492
202553493
202553494
202553495
202553496
202553497
202553498
202553499
202553500
202553501
202553503
202553504
202553505
202553506
202553507
202553508
202553509
202553510
202553511
202553512
202553513
202553514
202553516
202553517
202553518
202553519
202553521
202553522
202553523
202553524
202553525
202553526
202553527
202553528
202553529
202553530
202553531
202553532
202553533
202553534
202553535
202553536
202553537
202553538
202553539
202553540
202553541
202553542
202553543
202553544
202553545
202553546
202553547
202553549
202553550
202553551
202553552
202553553
202553554
202553555
202553556
202553557
202553558
202553559
202553560
202553561
202553562
202553563
202553564
202553565
202553566
202553567
202553568
202553569
202553570
202553571
202553572
202553573
202553574
202553575
202553576
202553577
202553578
202553579
202553580
202553581
202553582
202553583
202553584
202553585
202553586
202553587
202553588
202553589
202553591
202553592
202553593
202553594
202553595
202553596
202553601
202553602
202553812
202553813
202553814
202553815
202553816
202553817
202553818
202553819
202553820
202553821
202553822
202553823
202553824
202553825
202553827
202553828
202553829
202553830
202553831
202553832
202553833
202553834
202553835
202553836
202553837
202553838
202553839
202553840
202553841
202553842
202553843
202553844
202553845
202553846
202553847
202553848
202553849
202553850
202553851
202553852
202553853
202553854
202553855
202553856
202553857
202553858
202553859
202553860
202553861
202553862
202553863
202553864
202553865
202553867
202553868
202553869
202553870
202553871
202553872
202553873
202553874
202553875
202553876
202553877
202553878
202553879
202553880
202553881
202553882
202553883
202553884
202553885
202553886
202553887
202553888
202553889
202553890
202553891
202553892
202553893
202553894
202553895
202553896
202553897
202553898
202553899
202553900
202553901
202553902
202553903
202553904
202553905
202553906
202553907
202553908
202553909
202553910
202553911
202553912
202553913
202553914
202553915
202553916
202553917
202553918
202553919
202553920
202553921
202553922
202553923
202553924
202553925
202553926
202553927
202553928
202553929
202553930
202553931
202553932
202553933
202553934
202553935
202553936
202553937
202553938
202553939
202553940
202553941
202553942
202553943
202553944
202553945
202553946
202553947
202553948
202553949
202553950
202553951
202553952
202553953
202553954
202553955
202553956
202553957
202553958
202553959
202553960
202553961
202553962
202553963
202553964
202553965
202553966
202553967
202553969
202553970
202553972
202553973
202553974
202553975
202553976
202553977
202553978
202554178
202554179
202554180
202554181
202554182
202554183
202554184
202554185
202554186
202554187
202554188
202554189
202554190
202554191
202554192
202554193
202554194
202554196
202554197
202554198
202554199
202554200
202554201
202554203
202554204
202554205
202554206
202554207
202554208
202554209
202554210
202554211
202554212
202554213
202554214
202554215
202554216
202554217
202554218
202554219
202554220
202554221
202554222
202554223
202554224
202554225
202554226
202554227
202554228
202554229
202554230
202554231
202554232
202554233
202554234
202554235
202554236
202554237
202554238
202554239
202554240
202554241
202554242
202554243
202554244
202554245
202554246
202554247
202554248
202554249
202554251
202554252
202554253
202554254
202554255
202554256
202554257
202554258
202554259
202554261
202554262
202554263
202554264
202554265
202554266
202554267
202554268
202554269
202554270
202554271
202554272
202554273
202554274
202554275
202554276
202554277
202554278
202554279
202554280
202554281
202554282
202554283
202554284
202554285
202554286
202554287
202554288
202554290
202554291
202554292
202554293
202554294
202554295
202554296
202554297
202554298
202554299
202554300
202554301
202554302
202554303
202554304
202554305
202554306
202554307
202554308
202554309
202554310
202554311
202554312
202554313
202554314
202554315
202554316
202554317
202554318
202554319
202554320
202554321
202554322
202554323
202554324
202554325
202554326
202554327
202554328
202554329
202554330
202554331
202554332
202554333
202554334
202554335
202554336
202554337
202554338
202554339
202554340
202554341
202554342
202554343
202554344
202554345
202554346
202554347
202554348
202554349
202554350
202554351
202554352
202554353
202554354
202554355
202554356
202554357
202554358
202554359
202554360
202554361
202554362
202554363
202554365
202554366
202554368
202554369
202554370
202554371
202554372
202554373
202554374
202554375
202554376
202554377
202554378
202554379
202554380
202554381
202554382
202554383
202554384
202554385
202554386
202554387
202554388
202554389
202554390
202554391
202554392
202554393
202554394
202554395
202554396
202554397
202554398
202554399
202554400
202554401
202554402
202554403
202554404
202554405
202554406
202554407
202554408
202554409
202554410
202554411
202554412
202554413
202554414
202554415
202554416
202554417
202554418
202554419
202554420
202554421
202554422
202554423
202554424
202554425
202554426
202554427
202554428
202554429
202554431
202554432
202554433
202554434
202554435
202554436
202554437
202554438
202554439
202554440
202554441
202554442
202554443
202554444
202554445
202554446
202554447
202554448
202554449
202554450
202554451
202554452
202554453
202554454
202554455
202554456
202554457
202554458
202554459
202554460
202554461
202554462
202554463
202554464
202554466
202554467
202554468
202554469
202554470
202554471
202554472
202554473
202554474
202554475
202554476
202554477
202554478
202554479
202554480
202554481
202554482
202554483
202554484
202554485
202554486
202554487
202554488
202554489
202554490
202554491
202554492
202554493
202554494
202554495
202554496
202554497
202554498
202554499
202554500
202554501
202554502
202554503
202554504
202554505
202554506
202554507
202554508
202554509
202554510
202554511
202554512
202554513
202554514
202554515
202554516
202554517
202554518
202554601
202554602
202554603
202554604
202554605
202554606
202554607
202554608
202554609
202554610
202554611
202554613
202554614
202554615
202554616
202554617
202554619
202554620
202554621
202554622
202554623
202554624
202554625
202554626
202554627
202554628
202554629
202554630
202554631
202554632
202554633
202554634
202554635
202554636
202554637
202554638
202554639
202554640
202554642
202554643
202554644
202554645
202554646
202554647
202554648
202554649
202554650
202554651
202554652
202554653
202554654
202554655
202554656
202554657
202554658
202554659
202554660
202554661
202554662
202554663
202554664
202554665
202554666
202554667
202554668
202554669
202554671
202554672
202554674
202554675
202554676
202554677
202554678
202554679
202554680
202554681
202554682
202554683
202554684
202554685
202554686
202554687
202554688
202554689
202554690
202554691
202554692
202554693
202554694
202554695
202554696
202554697
202554698
202554699
202554700
202554701
202554702
202554703
202554704
202554705
202554706
202554708
202554709
202554710
202554711
202554712
202554713
202554714
202554715
202554716
202554717
202554718
202554719
202554720
202554721
202554722
202554723
202554724
202554725
202554726
202554727
202554728
202554729
202554730
202554731
202554732
202554733
202554734
202554735
202554736
202554737
202554738
202554739
202554741
202554742
202554743
202554744
202554745
202554746
202554747
202554748
202554749
202554750
202554751
202554752
202554753
202554754
202554755
202554756
202554757
202554758
202554759
202554760
202554761
202554762
202554764
202554765
202554766
202554767
202554768
202554769
202554770
202554771
202554772
202554773
202554774
202554776
202554777
202554778
202554779
202554780
202554781
202554782
202554783
202554784
202554785
202554786
202554787
202554789
202554790
202554791
202554792
202554793
202554794
202554795
202554796
202554797
202554798
202554799
202554801
202554802
202554803
202554804
202554805
202554806
202554807
202554808
202554809
202554810
202554811
202554812
202554813
202554814
202554815
202554817
202554819
202554820
202554821
202554822
202554823
202554824
202554825
202554826
202554827
202554828
202554829
202554830
202554831
202554832
202554833
202554834
202554835
202554836
202554837
202554838
202554839
202554840
202554841
202554842
202554843
202554844
202554845
202554846
202554847
202554848
202554849
202554850
202554851
202554852
202554853
202554854
202554855
202554856
202554858
202554859
202554860
202554861
202554862
202554863
202554864
202554865
202554866
202554867
202554868
202554869
202554870
202554871
202554872
202554873
202554874
202554875
202554876
202554877
202554878
202554879
202554880
202554881
202554882
202554883
202554884
202554885
202554886
202554887
202554888
202554889
202554890
202554891
202554892
202554893
202554894
202554895
202554896
202554897
202554898
202554899
202554900
202554901
202554902
202554903
202554904
202554905
202554906
202554907
202554908
202554909
202554910
202554911
202554912
202554914
202554915
202554916
202554917
202554918
202554919
202554920
202554921
202554922
202554923
202554924
202554925
202554926
202554927
202554928
202554929
202554930
202554931
202554932
202554933
202554934
202554935
202554936
202554937
202554938
202554939
202554940
202554941
202554942
202554943
202554944
202554945
202554946
202554947
202554948
202554949
202554950
202554951
202554952
202554953
202554954
202554955
202554956
202554957
202554958
202554959
202554960
202554961
202554962
202554963
202554964
202554965
202554966
202554967
202554968
202554969
202554970
202554971
202554972
202554973
202554974
202554975
202554976
202554977
202554978
202554979
202554980
202554981
202554982
202554983
202554984
202554985
202554986
202554987
202554988
202554989
202554990
202554991
202554992
202554994
202554995
202554996
202554997
202554998
202554999
202555000
202555001
202555002
202555003
202555004
202555005
202555006
202555007
202555053
202555056
202555059
202555060
202555061
202555062
202555064
202555065
202555066
202555067
202555068
202555069
202555070
202555071
202555072
202555074
202555075
202555076
202555077
202555078
202555080
202555081
202555082
202555083
202555084
202555085
202555087
202555088
202555090
202555091
202555093
202555094
202555095
202555096
202555098
202555099
202555100
202555101
202555103
202555104
202555105
202555106
202555107
202555108
202555109
202555110
202555112
202555113
202555115
202555116
202555117
202555118
202555122
202555123
202555124
202555126
202555127
202555128
202555129
202555130
202555132
202555133
202555134
202555135
202555136
202555137
202555138
202555139
202555140
202555141
202555142
202555143
202555144
202555145
202555146
202555148
202555150
202555151
202555152
202555153
202555154
202555155
202555156
202555157
202555158
202555159
202555160
202555161
202555164
202555165
202555166
202555167
202555168
202555169
202555171
202555172
202555173
202555174
202555175
202555176
202555178
202555179
202555180
202555181
202555182
202555183
202555184
202555185
202555187
202555188
202555189
202555190
202555191
202555192
202555193
202555194
202555195
202555196
202555197
202555198
202555199
202555201
202555202
202555203
202555204
202555206
202555207
202555210
202555389
202555390
202555391
202555392
202555393
202555394
202555395
202555396
202555397
202555398
202555399
202555400
202555401
202555402
202555403
202555404
202555405
202555406
202555407
202555408
202555409
202555410
202555411
202555412
202555413
202555414
202555415
202555417
202555418
202555419
202555420
202555421
202555422
202555423
202555424
202555425
202555426
202555427
202555428
202555429
202555430
202555431
202555432
202555433
202555434
202555435
202555436
202555437
202555438
202555439
202555440
202555441
202555442
202555443
202555444
202555445
202555446
202555447
202555448
202555449
202555450
202555451
202555452
202555453
202555454
202555455
202555456
202555457
202555458
202555459
202555460
202555461
202555462
202555463
202555464
202555465
202555466
202555467
202555468
202555469
202555470
202555471
202555472
202555473
202555474
202555475
202555476
202555477
202555478
202555479
202555480
202555481
202555482
202555483
202555484
202555485
202555486
202555487
202555488
202555489
202555490
202555491
202555492
202555493
202555494
202555495
202555496
202555497
202555498
202555499
202555500
202555501
202555502
202555503
202555504
202555505
202555506
202555507
202555508
202555509
202555510
202555511
202555512
202555513
202555514
202555515
202555516
202555517
202555518
202555520
202555521
202555522
202555523
202555524
202555525
202555526
202555527
202555528
202555529
202555530
202555532
202555533
202555534
202555535
202555536
202555538
202555539
202555540
202555541
202555542
202555543
202555544
202555545
202555546
202555547
202555548
202555549
202555550
202555551
202555552
202555553
202555554
202555555
202555556
202555557
202555558
202555559
202555560
202555561
202555562
202555563
202555564
202555565
202555566
202555567
202555568
202555569
202555570
202555571
202555572
202555573
202555574
202555575
202555576
202555577
202555578
202555579
202555580
202555581
202555582
202555583
202555584
202555585
202555586
202555587
202555588
202555589
202555590
202555591
202555592
202555593
202555594
202555595
202555596
202555597
202555598
202555599
202555600
202555601
202555602
202555603
202555604
202555605
202555606
202555607
202555608
202555609
202555610
202555611
202555612
202555613
202555614
202555615
202555616
202555617
202555618
202555619
202555620
202555621
202555622
202555623
202555624
202555625
202555626
202555627
202555628
202555632
202555633
202555635
202555636
202555637
202555639
202555640
202555641
202555642
202555643
202555644
202555645
202555646
202555652
202555653
202555654
202555656
202555660
202555661
202555663
202555664
202555665
202555667
202555668
202555670
202555671
202555672
202555673
202555676
202555677
202555679
202555680
202555681
202555682
202555683
202555684
202555686
202555688
202555689
202555690
202555691
202555692
202555693
202555696
202555697
202555698
202555699
202555700
202555701
202555703
202555704
202555705
202555707
202555710
202555712
202555713
202555714
202555715
202555717
202555718
202555719
202555720
202555721
202555722
202555723
202555724
202555725
202555726
202555727
202555728
202555729
202555730
202555731
202555732
202555733
202555734
202555737
202555738
202555740
202555742
202555743
202555744
202555745
202555747
202555748
202555749
202555750
202555751
202555752
202555753
202555754
202555755
202555756
202555758
202555759
202555760
202555761
202555762
202555763
202555764
202555765
202555766
202555767
202555769
202555770
202555771
202555773
202555774
202555775
202555777
202555779
202555781
202555785
202555786
202555788
202555789
202555790
202555791
202555793
202555796
202555797
202555798
202555799
202555800
202555801
202555802
202555803
202555804
202555805
202555806
202555807
202555808
202555809
202555810
202555811
202555812
202555813
202555814
202555816
202555817
202555818
202555820
202555821
202555822
202555823
202555824
202555825
202555826
202555827
202555829
202555831
202555832
202555833
202555834
202555835
202555836
202555839
202555842
202555844
202555845
202555846
202555847
202555849
202555850
202555851
202555852
202555853
202555854
202555856
202555857
202555858
202555859
202555860
202555861
202555862
202555864
202555866
202555867
202555868
202555869
202555870
202555872
202555873
202555874
202555876
202555877
202555878
202555879
202555881
202555883
202555885
202555886
202555887
202555890
202555891
202555894
202555895
202555898
202555901
202555905
202555906
202555907
202555908
202555909
202555910
202555911
202555912
202555914
202555916
202555917
202555918
202555919
202555920
202555924
202555925
202555926
202555927
202555928
202555930
202555932
202555933
202555934
202555935
202555936
202555937
202555938
202555939
202555940
202555941
202555942
202555943
202555944
202555945
202555946
202555947
202555948
202555949
202555950
202555951
202555952
202555953
202555954
202555955
202555956
202555957
202555958
202555959
202555960
202555961
202555962
202555963
202555964
202555965
202555966
202555967
202555968
202555969
202555970
202555971
202555972
202555973
202555974
202555976
202555977
202555978
202555979
202555980
202555981
202555982
202555983
202555984
202555986
202555987
202555988
202555989
202555990
202555991
202555992
202555993
202555994
202555995
202555996
202555997
202555998
202555999
202556000
202556001
202556002
202556003
202556004
202556005
202556006
202556007
202556008
202556009
202556010
202556011
202556012
202556013
202556014
202556015
202556016
202556017
202556018
202556019
202556020
202556021
202556022
202556023
202556024
202556025
202556026
202556027
202556028
202556029
202556030
202556031
202556032
202556033
202556034
202556035
202556036
202556037
202556038
202556039
202556040
202556041
202556042
202556043
202556044
202556045
202556046
202556047
202556048
202556049
202556050
202556051
202556052
202556053
202556054
202556055
202556056
202556057
202556058
202556059
202556060
202556061
202556062
202556063
202556064
202556065
202556066
202556067
202556068
202556069
202556070
202556071
202556072
202556073
202556074
202556075
202556077
202556078
202556079
202556080
202556081
202556082
202556083
202556084
202556085
202556086
202556087
202556088
202556089
202556090
202556091
202556092
202556093
202556094
202556095
202556096
202556097
202556098
202556099
202556100
202556101
202556102
202556103
202556104
202556105
202556106
202556107
202556108
202556109
202556110
202556111
202556112
202556113
202556114
202556115
202556116
202556117
202556118
202556119
202556120
202556121
202556122
202556123
202556124
202556125
202556126
202556127
202556128
202556129
202556130
202556131
202556132
202556133
202556134
202556135
202556136
202556137
202556138
202556140
202556141
202556142
202556143
202556144
202556146
202556147
202556149
202556150
202556151
202556152
202556153
202556154
202556155
202556156
202556157
202556158
202556159
202556160
202556161
202556162
202556163
202556164
202556165
202556166
202556167
202556168
202556169
202556170
202556171
202556172
202556173
202556174
202556175
202556176
202556177
202556178
202556179
202556180
202556181
202556182
202556183
202556184
202556185
202556186
202556187
202556188
202556189
202556190
202556191
202556192
202556193
202556194
202556195
202556196
202556197
202556198
202556199
202556200
202556201
202556202
202556203
202556204
202556205
202556206
202556208
202556209
202556210
202556211
202556212
202556213
202556214
202556215
202556216
202556217
202556219
202556220
202556221
202556222
202556223
202556224
202556225
202556226
202556227
202556228
202556229
202556230
202556231
202556232
202556233
202556234
202556235
202556236
202556237
202556238
202556239
202556240
202556241
202556242
202556243
202556244
202556245
202556246
202556247
202556248
202556249
202556250
202556251
202556252
202556254
202556255
202556256
202556257
202556258
202556259
202556260
202556261
202556262
202556263
202556265
202556266
202556267
202556268
202556269
202556271
202556272
202556273
202556274
202556275
202556276
202556277
202556278
202556279
202556280
202556281
202556282
202556283
202556284
202556285
202556286
202556287
202556288
202556289
202556290
202556291
202556292
202556293
202556294
202556295
202556296
202556297
202556298
202556299
202556300
202556301
202556302
202556303
202556304
202556305
202556306
202556307
202556308
202556309
202556310
202556311
202556312
202556313
202556314
202556315
202556316
202556317
202556318
202556319
202556320
202556322
202556323
202556324
202556325
202556326
202556327
202556328
202556329
202556330
202556331
202556332
202556333
202556334
202556335
202556336
202556337
202556338
202556339
202556340
202556341
202556342
202556343
202556345
202556346
202556347
202556348
202556349
202556350
202556351
202556352
202556353
202556354
202556355
202556356
202556357
202556358
202556359
202556360
202556361
202556362
202556363
202556364
202556365
202556366
202556367
202556368
202556369
202556370
202556371
202556372
202556373
202556374
202556375
202556376
202556377
202556379
202556381
202556382
202556384
202556385
202556386
202556388
202556389
202556391
202556392
202556393
202556394
202556395
202556396
202556397
202556398
202556399
202556400
202556401
202556402
202556403
202556404
202556405
202556406
202556407
202556409
202556410
202556411
202556412
202556413
202556415
202556416
202556417
202556418
202556419
202556420
202556421
202556422
202556423
202556424
202556425
202556426
202556427
202556428
202556429
202556430
202556431
202556682
202556683
202556684
202556685
202556686
202556687
202556688
202556689
202556691
202556693
202556694
202556695
202556697
202556698
202556699
202556700
202556701
202556702
202556703
202556705
202556706
202556707
202556708
202556709
202556710
202556711
202556712
202556713
202556714
202556715
202556717
202556718
202556719
202556720
202556721
202556722
202556723
202556724
202556725
202556728
202556729
202556730
202556733
202556734
202556735
202556736
202556738
202556739
202556740
202556742
202556743
202556744
202556747
202556748
202556749
202556750
202556751
202556752
202556753
202556754
202556755
202556756
202556757
202556758
202556759
202556760
202556761
202556762
202556763
202556909
202556911
202556912
202556913
202556914
202556915
202556916
202556917
202556918
202556919
202556920
202556921
202556922
202556923
202556924
202556925
202556926
202556927
202556928
202556929
202556930
202556931
202556932
202556933
202556934
202556935
202556936
202556937
202556938
202556939
202556940
202556941
202556942
202556943
202556944
202556945
202556946
202557146
202557147
202557148
202557149
202557150
202557151
202557152
202557153
202557154
202557155
202557156
202557157
202557158
202557159
202557160
202557161
202557162
202557163
202557164
202557165
202557166
202557167
202557168
202557169
202557170
202557171
202557172
202557173
202557174
202557175
202557176
202557177
202557178
202557179
202557180
202557181
202557182
202557183
202557184
202557185
202557186
202557187
202557188
202557189
202557190
202557191
202557192
202557193
202557194
202557195
202557196
202557197
202557198
202557199
202557200
202557201
202557202
202557203
202557204
202557205
202557206
202557207
202557208
202557209
202557210
202557211
202557212
202557213
202557214
202557215
202557216
202557217
202557218
202557219
202557220
202557221
202557222
202557223
202557224
202557225
202557226
202557227
202557228
202557229
202557230
202557231
202557232
202557233
202557234
202557235
202557236
202557237
202557238
202557239
202557240
202557241
202557242
202557243
202557244
202557245
202557246
202557247
202557248
202557249
202557250
202557251
202557252
202557253
202557254
202557255
202557256
202557257
202557258
202557259
202557260
202557262
202557263
202557264
202557265
202557266
202557267
202557268
202557269
202557270
202557271
202557272
202557273
202557274
202557275
202557276
202557277
202557278
202557279
202557280
202557281
202557282
202557283
202557284
202557285
202557286
202557287
202557288
202557289
202557290
202557291
202557292
202557293
202557294
202557295
202557296
202557297
202557298
202557299
202557301
202557302
202557303
202557304
202557305
202557306
202557307
202557308
202557309
202557310
202557311
202557312
202557313
202557314
202557315
202557316
202557317
202557318
202557319
202557320
202557321
202557322
202557323
202557324
202557325
202557326
202557327
202557328
202557329
202557330
202557331
202557332
202557333
202557334
202557335
202557336
202557337
202557338
202557339
202557340
202557341
202557342
202557343
202557344
202557345
202557346
202557347
202557348
202557349
202557350
202557351
202557352
202557353
202557354
202557355
202557356
202557357
202557358
202557359
202557360
202557361
202557362
202557363
202557364
202557365
202557366
202557367
202557368
202557369
202557371
202557372
202557373
202557374
202557375
202557376
202557377
202557378
202557380
202557381
202557382
202557383
202557384
202557385
202557386
202557387
202557388
202557389
202557390
202557391
202557392
202557393
202557394
202557395
202557396
202557397
202557399
202557400
202557401
202557402
202557403
202557404
202557405
202557406
202557407
202557408
202557409
202557410
202557411
202557412
202557413
202557414
202557415
202557416
202557417
202557418
202557419
202557420
202557421
202557422
202557423
202557424
202557426
202557427
202557428
202557429
202557430
202557431
202557432
202557433
202557434
202557435
202557436
202557437
202557438
202557439
202557440
202557441
202557442
202557443
202557444
202557445
202557446
202557447
202557448
202557449
202557450
202557451
202557452
202557453
202557454
202557455
202557456
202557457
202557459
202557460
202557461
202557462
202557464
202557465
202557466
202557467
202557468
202557469
202557470
202557471
202557472
202557473
202557474
202557475
202557476
202557477
202557478
202557479
202557480
202557481
202557482
202557484
202557485
202557486
202557487
202557488
202557489
202557490
202557491
202557492
202557493
202557494
202557495
202557496
202557497
202557498
202557499
202557500
202557501
202557502
202557503
202557504
202557505
202557506
202557507
202557508
202557509
202557510
202557511
202557512
202557513
202557514
202557515
202557516
202557519
202557520
202557522
202557524
202557525
202557526
202557527
202557528
202557529
202557530
202557531
202557532
202557533
202557534
202557536
202557537
202557538
202557539
202557540
202557541
202557542
202557543
202557544
202557545
202557547
202557548
202557549
202557550
202557551
202557552
202557553
202557555
202557556
202557557
202557558
202557559
202557560
202557561
202557562
202557564
202557566
202557567
202557568
202557569
202557570
202557571
202557572
202557573
202557574
202557575
202557576
202557577
202557578
202557579
202557580
202557581
202557582
202557584
202557585
202557586
202557587
202557589
202557590
202557592
202557595
202557596
202557597
202557598
202557599
202557600
202557601
202557602
202557603
202557605
202557606
202557607
202557608
202557609
202557611
202557612
202557613
202557615
202557617
202557622
202557624
202557625
202557626
202557627
202557629
202557631
202557632
202557633
202557634
202557636
202557637
202557638
202557639
202557640
202557641
202557643
202557644
202557646
202557648
202557649
202557650
202557651
202557652
202557653
202557654
202557655
202557656
202557657
202557658
202557659
202557660
202557661
202557662
202557663
202557666
202557667
202557669
202557671
202557672
202557674
202557675
202557676
202557678
202557679
202557680
202557681
202557684
202557685
202557686
202557687
202557688
202557689
202557690
202557692
202557694
202557695
202557696
202557698
202557699
202557701
202557703
202557704
202557705
202557707
202557708
202557710
202557711
202557712
202557713
202557714
202557715
202557716
202557717
202557719
202557721
202557722
202557724
202557727
202557728
202557729
202557730
202557731
202557732
202557734
202557736
202557737
202557738
202557739
202557741
202557742
202557743
202557744
202557745
202557746
202557747
202557751
202557752
202557753
202557754
202557756
202557757
202557758
202557759
202557760
202557762
202557763
202557764
202557765
202557766
202557767
202557769
202557770
202557771
202557772
202557773
202557774
202557775
202557776
202557777
202557778
202557779
202557780
202557782
202557783
202557784
202557785
202557786
202557788
202557789
202557790
202557791
202557792
202557793
202557795
202557796
202557797
202557799
202557800
202557801
202557802
202557804
202557805
202557806
202557807
202557808
202557809
202557810
202557812
202557813
202557814
202557815
202557817
202557818
202557820
202557821
202557823
202557824
202557825
202557826
202557827
202557829
202557830
202557832
202557833
202557835
202557836
202557837
202557838
202557839
202557840
202557841
202557842
202557845
202557846
202557847
202557848
202557849
202557850
202557851
202557852
202557853
202557854
202557855
202557856
202557857
202557859
202557860
202557861
202557863
202557865
202557866
202557867
202558222
202558223
202558224
202558226
202558227
202558228
202558229
202558230
202558231
202558232
202558233
202558234
202558235
202558236
202558237
202558238
202558239
202558240
202558241
202558242
202558243
202558245
202558246
202558247
202558248
202558249
202558250
202558251
202558252
202558253
202558254
202558255
202558256
202558257
202558258
202558259
202558260
202558261
202558262
202558263
202558265
202558266
202558267
202558268
202558269
202558270
202558271
202558272
202558273
202558274
202558275
202558276
202558277
202558278
202558279
202558280
202558281
202558282
202558283
202558284
202558286
202558287
202558288
202558289
202558290
202558291
202558292
202558293
202558294
202558295
202558296
202558297
202558298
202558299
202558300
202558301
202558302
202558303
202558304
202558305
202558306
202558307
202558308
202558309
202558310
202558311
202558312
202558313
202558314
202558315
202558316
202558317
202558318
202558319
202558320
202558321
202558322
202558323
202558324
202558325
202558326
202558327
202558328
202558329
202558330
202558331
202558332
202558334
202558335
202558336
202558337
202558338
202558339
202558340
202558341
202558342
202558343
202558344
202558345
202558346
202558347
202558348
202558350
202558351
202558352
202558353
202558354
202558355
202558356
202558357
202558358
202558359
202558360
202558361
202558362
202558363
202558364
202558365
202558366
202558367
202558368
202558369
202558370
202558373
202558374
202558375
202558376
202558377
202558379
202558380
202558381
202558382
202558383
202558385
202558386
202558387
202558388
202558389
202558390
202558391
202558392
202558393
202558394
202558395
202558396
202558397
202558398
202558399
202558400
202558401
202558402
202558403
202558404
202558405
202558406
202558407
202558408
202558409
202558410
202558411
202558412
202558413
202558414
202558415
202558416
202558417
202558418
202558419
202558420
202558421
202558422
202558423
202558424
202558426
202558427
202558428
202558429
202558430
202558431
202558432
202558434
202558435
202558436
202558437
202558438
202558439
202558440
202558441
202558442
202558444
202558445
202558446
202558447
202558448
202558449
202558450
202558451
202558452
202558453
202558454
202558455
202558456
202558457
202558458
202558459
202558461
202558462
202558463
202558464
202558465
202558466
202558467
202558468
202558469
202558470
202558471
202558472
202558473
202558474
202558475
202558476
202558477
202558478
202558479
202558480
202558481
202558482
202558483
202558484
202558485
202558486
202558487
202558488
202558489
202558490
202558491
202558492
202558493
202558494
202558495
202558496
202558497
202558498
202558499
202558500
202558501
202558502
202558503
202558504
202558505
202558506
202558507
202558508
202558509
202558510
202558511
202558512
202558513
202558514
202558515
202558516
202558517
202558518
202558519
202558520
202558521
202558522
202558523
202558524
202558525
202558526
202558527
202558528
202558529
202558530
202558531
202558532
202558533
202558534
202558535
202558536
202558537
202558539
202558540
202558542
202558543
202558544
202558545
202558546
202558547
202558548
202558549
202558550
202558551
202558552
202558553
202558554
202558555
202558556
202558557
202558558
202558559
202558560
202558561
202558562
202558564
202558565
202558566
202558567
202558568
202558569
202558570
202558571
202558572
202558573
202558574
202558575
202558576
202558577
202558578
202558579
202558580
202558582
202558583
202558584
202558585
202558586
202558587
202558588
202558589
202558590
202558591
202558592
202558593
202558594
202558595
202558596
202558597
202558598
202558599
202558600
202558601
202558602
202558603
202558604
202558605
202558606
202558607
202558608
202558609
202558610
202558611
202558612
202558614
202558615
202558616
202558617
202558618
202558619
202558620
202558621
202558622
202558623
202558624
202558625
202558626
202558627
202558628
202558629
202558630
202558632
202558633
202558634
202558635
202558637
202558638
202558639
202558640
202558641
202558642
202558643
202558645
202558646
202558647
202558648
202558649
202558650
202558651
202558652
202558653
202558654
202558655
202558656
202558657
202558658
202558659
202558660
202558661
202558662
202558663
202558664
202558665
202558666
202558667
202558668
202558669
202558670
202558671
202558672
202558673
202558674
202558675
202558676
202558677
202558678
202558679
202558680
202558681
202558682
202558683
202558684
202558685
202558686
202558687
202558688
202558689
202558690
202558693
202558694
202558695
202558696
202558697
202558698
202558699
202558700
202558701
202558702
202558703
202558704
202558705
202558706
202558707
202558708
202558709
202558710
202558711
202558712
202558713
202558714
202558715
202558716
202558717
202558718
202558719
202558720
202558721
202558722
202558723
202558724
202558725
202558726
202558727
202558728
202558729
202558730
202558731
202558732
202558733
202558734
202558735
202558736
202558737
202558738
202558739
202558740
202558741
202558742
202558743
202558744
202558745
202558746
202558747
202558748
202558749
202558750
202558751
202558752
202558753
202558754
202558755
202558756
202558757
202558758
202558759
202558760
202558761
202558762
202558763
202558764
202558765
202558766
202558767
202558768
202558769
202558770
202558771
202558772
202558773
202558774
202558775
202558776
202558777
202558778
202558779
202558781
202558782
202558783
202558784
202558785
202558786
202558787
202558788
202558789
202558790
202558791
202558792
202558793
202558794
202558795
202558796
202558797
202558798
202558799
202558800
202558801
202558802
202558803
202558804
202558805
202558806
202558807
202558808
202558809
202558810
202558811
202558812
202558813
202558814
202558815
202558816
202558817
202558818
202558819
202558820
202558821
202558822
202558823
202558824
202558825
202558828
202558830
202558831
202558832
202558833
202558834
202558835
202558836
202558837
202558838
202558839
202558840
202558841
202558842
202558843
202558844
202558845
202558846
202558847
202558848
202558849
202558850
202558851
202558852
202558853
202558854
202558855
202558856
202558857
202558858
202558859
202558997
202558998
202558999
202559000
202559001
202559002
202559003
202559004
202559184
202559185
202559186
202559187
202559188
202559189
202559190
202559191
202559192
202559193
202559194
202559195
202559196
202559197
202559198
202559199
202559200
202559201
202559202
202559203
202559204
202559205
202559206
202559207
202559208
202559209
202559210
202559211
202559212
202559213
202559214
202559215
202559216
202559217
202559218
202559219
202559220
202559221
202559222
202559223
202559224
202559225
202559226
202559227
202559228
202559229
202559230
202559231
202559232
202559233
202559235
202559236
202559237
202559238
202559239
202559241
202559242
202559243
202559244
202559245
202559246
202559247
202559248
202559249
202559250
202559251
202559252
202559253
202559254
202559255
202559256
202559257
202559258
202559259
202559260
202559261
202559262
202559263
202559264
202559265
202559266
202559267
202559268
202559269
202559270
202559271
202559272
202559273
202559274
202559275
202559276
202559277
202559278
202559279
202559280
202559281
202559282
202559283
202559284
202559285
202559287
202559288
202559289
202559290
202559292
202559293
202559294
202559295
202559296
202559297
202559298
202559299
202559300
202559301
202559302
202559303
202559304
202559305
202559306
202559307
202559308
202559309
202559310
202559311
202559312
202559313
202559314
202559315
202559316
202559317
202559318
202559319
202559320
202559321
202559322
202559323
202559324
202559325
202559326
202559327
202559328
202559329
202559330
202559332
202559333
202559334
202559335
202559336
202559337
202559338
202559339
202559341
202559342
202559343
202559344
202559345
202559346
202559347
202559348
202559349
202559350
202559351
202559352
202559353
202559354
202559355
202559356
202559357
202559358
202559359
202559360
202559361
202559362
202559363
202559364
202559365
202559366
202559367
202559368
202559369
202559370
202559371
202559372
202559374
202559375
202559376
202559377
202559378
202559379
202559380
202559381
202559382
202559383
202559384
202559386
202559387
202559388
202559389
202559390
202559391
202559392
202559393
202559394
202559395
202559396
202559397
202559398
202559399
202559400
202559401
202559402
202559403
202559404
202559405
202559406
202559409
202559410
202559411
202559412
202559413
202559414
202559415
202559416
202559417
202559418
202559419
202559420
202559421
202559422
202559423
202559424
202559425
202559426
202559427
202559428
202559429
202559430
202559431
202559432
202559433
202559434
202559435
202559436
202559437
202559438
202559439
202559441
202559442
202559443
202559444
202559445
202559446
202559447
202559448
202559449
202559450
202559451
202559452
202559453
202559454
202559455
202559456
202559457
202559458
202559459
202559460
202559461
202559462
202559463
202559464
202559465
202559466
202559467
202559468
202559469
202559470
202559471
202559472
202559473
202559474
202559475
202559476
202559477
202559478
202559479
202559480
202559481
202559482
202559483
202559484
202559485
202559486
202559487
202559489
202559490
202559491
202559492
202559493
202559494
202559495
202559496
202559497
202559498
202559499
202559500
202559501
202559502
202559503
202559504
202559505
202559506
202559507
202559508
202559509
202559510
202559511
202559512
202559513
202559514
202559515
202559516
202559517
202559518
202559519
202559520
202559521
202559522
202559523
202559524
202559525
202559526
202559527
202559528
202559529
202559530
202559531
202559532
202559533
202559534
202559535
202559536
202559537
202559538
202559539
202559540
202559541
202559542
202559543
202559544
202559545
202559546
202559547
202559548
202559549
202559550
202559551
202559552
202559553
202559554
202559555
202559556
202559557
202559558
202559560
202559561
202559562
202559563
202559565
202559566
202559567
202559568
202559569
202559570
202559571
202559572
202559573
202559574
202559575
202559576
202559577
202559578
202559579
202559580
202559581
202559582
202559583
202559584
202559585
202559586
202559587
202559588
202559589
202559590
202559591
202559592
202559593
202559594
202559595
202559596
202559598
202559599
202559600
202559601
202559604
202559608
202559611
202559612
202559614
202559615
202559616
202559617
202559618
202559619
202559620
202559622
202559623
202559624
202559625
202559626
202559627
202559629
202559630
202559632
202559633
202559634
202559635
202559636
202559637
202559638
202559639
202559640
202559642
202559643
202559644
202559645
202559646
202559647
202559648
202559649
202559650
202559651
202559652
202559653
202559654
202559655
202559656
202559658
202559659
202559660
202559661
202559662
202559663
202559664
202559665
202559666
202559667
202559668
202559669
202559704
202559705
202559706
202559707
202559708
202559709
202559712
202559713
202559714
202559715
202559716
202559717
202559719
202559722
202559723
202559724
202559725
202559727
202559728
202559729
202559730
202559731
202559732
202559733
202559734
202559735
202559736
202559737
202559738
202559739
202559740
202559742
202559743
202559744
202559745
202559746
202559747
202559748
202559749
202559750
202559751
202559752
202559753
202559755
202559756
202559759
202559760
202559761
202559763
202559764
202559765
202559766
202559767
202559768
202559769
202559770
202559771
202559772
202559774
202559775
202559776
202559778
202559779
202559780
202559786
202559787
202559788
202559789
202559790
202559791
202559792
202559793
202559794
202559795
202559796
202559797
202559798
202559799
202559800
202559801
202559802
202559803
202559805
202559806
202559807
202559808
202559809
202559810
202559811
202559813
202559814
202559815
202559816
202559817
202559818
202559819
202559820
202559821
202559822
202559823
202559824
202559825
202559826
202559827
202559828
202559829
202559830
202559831
202559832
202559833
202559834
202559836
202559837
202559838
202559839
202559840
202559841
202559842
202559843
202559844
202559845
202559846
202559847
202559848
202559850
202559851
202559853
202559854
202559855
202559856
202559857
202559859
202559860
202559861
202559862
202559863
202559864
202559865
202559868
202559869
202559870
202559871
202559872
202559874
202559875
202559876
202559877
202559878
202559879
202559880
202559881
202559882
202559883
202559884
202559885
202559886
202559887
202559888
202559889
202559890
202559891
202559892
202559893
202559894
202559895
202559896
202559897
202559898
202559899
202559901
202559903
202559904
202559905
202559906
202559907
202559908
202559909
202559910
202559911
202559912
202559913
202559914
202559915
202559916
202559917
202559919
202559920
202559921
202559922
202559923
202559924
202559925
202559926
202559927
202559928
202559929
202559930
202559931
202559933
202559934
202559935
202559936
202559937
202559938
202559939
202559941
202559942
202559943
202559944
202559945
202559946
202559947
202559948
202559949
202559950
202559951
202559952
202559953
202559954
202559955
202559956
202559957
202559958
202559959
202559960
202559961
202559962
202559963
202559964
202559966
202559968
202559969
202559970
202559971
202559972
202559973
202559974
202559975
202559976
202559977
202559978
202559979
202559980
202559981
202559982
202559983
202559984
202559985
202559986
202559987
202559988
202559989
202559990
202559991
202559992
202559993
202559994
202559995
202559996
202559997
202559998
202559999
202560000
202560001
202560002
202560003
202560004
202560005
202560006
202560007
202560008
202560009
202560010
202560011
202560012
202560013
202560014
202560015
202560016
202560017
202560018
202560019
202560020
202560021
202560022
202560024
202560025
202560026
202560027
202560028
202560029
202560030
202560031
202560032
202560033
202560034
202560035
202560036
202560037
202560038
202560039
202560040
202560041
202560042
202560043
202560044
202560045
202560046
202560047
202560048
202560049
202560050
202560051
202560053
202560054
202560055
202560056
202560058
202560059
202560060
202560061
202560062
202560063
202560064
202560065
202560066
202560067
202560068
202560069
202560070
202560071
202560072
202560073
202560074
202560075
202560076
202560077
202560078
202560079
202560080
202560082
202560083
202560084
202560085
202560086
202560087
202560088
202560089
202560090
202560091
202560092
202560094
202560095
202560096
202560097
202560098
202560099
202560100
202560101
202560102
202560104
202560105
202560106
202560107
202560108
202560109
202560110
202560112
202560113
202560114
202560115
202560116
202560117
202560118
202560119
202560120
202560121
202560122
202560123
202560124
202560125
202560126
202560127
202560128
202560129
202560130
202560131
202560133
202560134
202560135
202560136
202560137
202560138
202560139
202560140
202560141
202560142
202560143
202560145
202560146
202560147
202560148
202560149
202560151
202560152
202560153
202560154
202560155
202560156
202560157
202560158
202560161
202560162
202560163
202560164
202560165
202560166
202560167
202560168
202560169
202560170
202560171
202560172
202560173
202560174
202560175
202560176
202560177
202560178
202560179
202560180
202560181
202560182
202560183
202560184
202560185
202560186
202560187
202560188
202560189
202560190
202560191
202560192
202560193
202560194
202560195
202560196
202560197
202560198
202560199
202560200
202560201
202560202
202560203
202560204
202560205
202560206
202560207
202560209
202560210
202560211
202560212
202560213
202560214
202560215
202560216
202560217
202560218
202560219
202560220
202560221
202560222
202560223
202560224
202560225
202560227
202560228
202560229
202560230
202560231
202560232
202560233
202560413
202560414
202560415
202560416
202560417
202560418
202560419
202560420
202560421
202560491
202560492
202560493
202560494
202560495
202560496
202560497
202560498
202560499
202560500
202560501
202560502
202560503
202560504
202560505
202560506
202560507
202560508
202560509
202560510
202560511
202560512
202560514
202560515
202560516
202560517
202560519
202560520
202560521
202560522
202560523
202560525
202560526
202560527
202560529
202560530
202560531
202560532
202560533
202560534
202560536
202560537
202560538
202560539
202560540
202560541
202560542
202560543
202560544
202560545
202560546
202560547
202560548
202560549
202560550
202560551
202560552
202560555
202560556
202560557
202560558
202560559
202560560
202560561
202560562
202560563
202560564
202560565
202560566
202560567
202560568
202560569
202560570
202560571
202560572
202560573
202560574
202560575
202560576
202560577
202560578
202560579
202560580
202560581
202560582
202560583
202560584
202560585
202560586
202560587
202560588
202560589
202560590
202560591
202560592
202560593
202560594
202560595
202560596
202560597
202560598
202560599
202560600
202560601
202560602
202560603
202560604
202560605
202560606
202560607
202560608
202560609
202560610
202560611
202560612
202560613
202560614
202560615
202560616
202560617
202560619
202560620
202560621
202560622
202560623
202560624
202560625
202560626
202560627
202560628
202560629
202560630
202560631
202560632
202560633
202560634
202560635
202560636
202560637
202560638
202560639
202560640
202560641
202560642
202560643
202560644
202560645
202560646
202560647
202560648
202560649
202560651
202560652
202560653
202560654
202560655
202560656
202560657
202560658
202560659
202560660
202560661
202560662
202560663
202560664
202560665
202560666
202560667
202560668
202560669
202560670
202560671
202560672
202560673
202560674
202560675
202560676
202560677
202560678
202560679
202560680
202560681
202560682
202560683
202560684
202560685
202560686
202560687
202560688
202560689
202560690
202560691
202560692
202560693
202560694
202560695
202560696
202560697
202560698
202560699
202560700
202560701
202560702
202560703
202560704
202560705
202560706
202560707
202560708
202560709
202560710
202560711
202560712
202560713
202560714
202560715
202560716
202560717
202560718
202560720
202560721
202560722
202560724
202560725
202560726
202560727
202560728
202560729
202560730
202560731
202560732
202560733
202560734
202560735
202560736
202560737
202560738
202560739
202560740
202560741
202560742
202560743
202560744
202560745
202560746
202560747
202560748
202560749
202560750
202560751
202560752
202560753
202560754
202560756
202560757
202560758
202560759
202560760
202560761
202560762
202560763
202560764
202560765
202560766
202560767
202560768
202560770
202560771
202560772
202560773
202560774
202560775
202560776
202560777
202560778
202560779
202560780
202560781
202560782
202560783
202560784
202560785
202560786
202560787
202560788
202560789
202560790
202560791
202560792
202560793
202560794
202560795
202560796
202560797
202560798
202560799
202560800
202560801
202560802
202560803
202560804
202560805
202560806
202560807
202560808
202560809
202560810
202560811
202560812
202560813
202560814
202560815
202560818
202560819
202560821
202560822
202560823
202560824
202560826
202560827
202560828
202560829
202560830
202560831
202560832
202560833
202560834
202560835
202560836
202560837
202560838
202560839
202560840
202560841
202560842
202560843
202560844
202560845
202560846
202560847
202560848
202560849
202560851
202560852
202560853
202560854
202560855
202560856
202560857
202560858
202560859
202560860
202560861
202560863
202560864
202560865
202560866
202560867
202560868
202560869
202560870
202560871
202560872
202560873
202560875
202560876
202560877
202560878
202560879
202560880
202560881
202560882
202560883
202560884
202560885
202560886
202560887
202560888
202560889
202560890
202560891
202560892
202560893
202560894
202560895
202560896
202560897
202560898
202560899
202560900
202560901
202560903
202560905
202560906
202560907
202560909
202560910
202560911
202560912
202560913
202560914
202560915
202560916
202560917
202560918
202560919
202560920
202560921
202560922
202560923
202560924
202560926
202560928
202560929
202560930
202560931
202560932
202560933
202560934
202560935
202560936
202560937
202560938
202560939
202560940
202560941
202560943
202560945
202560946
202560947
202560948
202560949
202560950
202560952
202560953
202560955
202560957
202560958
202560959
202560960
202560963
202560964
202560965
202560966
202560968
202560969
202560970
202560971
202560976
202560977
202560978
202560979
202560980
202560981
202560983
202560984
202560985
202560986
202560987
202560989
202560990
202560991
202560992
202560993
202560994
202560995
202560996
202560997
202560998
202561000
202561001
202561002
202561003
202561005
202561006
202561007
202561009
202561010
202561011
202561012
202561016
202561017
202561018
202561020
202561021
202561022
202561023
202561024
202561094
202561095
202561097
202561100
202561101
202561102
202561103
202561104
202561105
202561106
202561107
202561108
202561109
202561110
202561111
202561112
202561113
202561114
202561115
202561116
202561117
202561118
202561119
202561120
202561121
202561122
202561123
202561124
202561125
202561126
202561127
202561128
202561129
202561130
202561131
202561132
202561133
202561134
202561135
202561136
202561137
202561138
202561139
202561140
202561141
202561142
202561143
202561144
202561145
202561146
202561147
202561148
202561149
202561150
202561151
202561152
202561153
202561154
202561155
202561156
202561157
202561158
202561159
202561160
202561161
202561162
202561163
202561164
202561165
202561166
202561168
202561169
202561170
202561171
202561172
202561173
202561175
202561176
202561177
202561178
202561179
202561181
202561182
202561183
202561184
202561185
202561186
202561187
202561188
202561189
202561190
202561191
202561192
202561193
202561194
202561195
202561196
202561197
202561198
202561199
202561200
202561201
202561202
202561203
202561204
202561205
202561206
202561207
202561208
202561209
202561210
202561211
202561212
202561213
202561214
202561215
202561216
202561217
202561218
202561219
202561220
202561221
202561222
202561223
202561224
202561225
202561226
202561227
202561228
202561229
202561230
202561231
202561232
202561234
202561235
202561237
202561238
202561239
202561240
202561241
202561242
202561243
202561244
202561245
202561246
202561247
202561249
202561250
202561251
202561252
202561253
202561254
202561255
202561256
202561257
202561258
202561259
202561260
202561261
202561262
202561263
202561264
202561265
202561266
202561267
202561268
202561269
202561270
202561271
202561272
202561273
202561274
202561275
202561276
202561277
202561278
202561279
202561280
202561281
202561282
202561283
202561284
202561285
202561286
202561287
202561288
202561289
202561290
202561291
202561292
202561293
202561294
202561295
202561296
202561297
202561298
202561299
202561300
202561301
202561302
202561303
202561304
202561305
202561306
202561307
202561308
202561309
202561310
202561311
202561312
202561313
202561314
202561315
202561317
202561318
202561319
202561320
202561321
202561322
202561323
202561324
202561325
202561326
202561327
202561328
202561330
202561331
202561332
202561333
202561334
202561335
202561336
202561337
202561338
202561339
202561340
202561341
202561342
202561343
202561344
202561345
202561346
202561347
202561348
202561349
202561350
202561351
202561352
202561353
202561354
202561355
202561356
202561357
202561358
202561359
202561360
202561362
202561363
202561364
202561365
202561366
202561367
202561368
202561369
202561370
202561371
202561372
202561373
202561374
202561375
202561376
202561377
202561378
202561379
202561380
202561381
202561382
202561383
202561384
202561385
202561386
202561387
202561388
202561389
202561390
202561391
202561392
202561393
202561394
202561395
202561396
202561397
202561398
202561399
202561401
202561402
202561403
202561404
202561405
202561406
202561407
202561408
202561409
202561410
202561411
202561412
202561413
202561414
202561415
202561416
202561417
202561418
202561419
202561420
202561421
202561422
202561423
202561424
202561425
202561426
202561427
202561428
202561429
202561430
202561431
202561432
202561433
202561434
202561435
202561436
202561437
202561438
202561440
202561441
202561442
202561443
202561444
202561445
202561446
202561447
202561448
202561449
202561450
202561451
202561452
202561453
202561454
202561455
202561457
202561458
202561459
202561460
202561461
202561462
202561463
202561464
202561465
202561466
202561467
202561468
202561469
202561470
202561471
202561472
202561473
202561474
202561475
202561476
202561477
202561478
202561479
202561480
202561481
202561482
202561483
202561484
202561485
202561486
202561487
202561488
202561489
202561490
202561491
202561492
202561493
202561494
202561495
202561496
202561497
202561499
202561500
202561501
202561502
202561503
202561504
202561506
202561507
202561508
202561509
202561510
202561511
202561512
202561513
202561514
202561515
202561516
202561517
202561518
202561519
202561520
202561521
202561522
202561523
202561524
202561525
202561526
202561527
202561528
202561529
202561530
202561531
202561532
202561533
202561534
202561536
202561537
202561538
202561539
202561540
202561541
202561542
202561543
202561544
202561545
202561546
202561547
202561548
202561549
202561550
202561551
202561552
202561553
202561554
202561555
202561556
202561557
202561558
202561559
202561560
202561561
202561562
202561563
202561564
202561565
202561566
202561567
202561568
202561569
202561570
202561571
202561572
202561573
202561574
202561575
202561576
202561578
202561579
202561580
202561581
202561582
202561583
202561584
202561585
202561586
202561587
202561588
202561589
202561590
202561591
202561592
202561593
202561594
202561595
202561596
202561597
202561598
202561599
202561600
202561601
202561602
202561603
202561604
202561605
202561606
202561607
202561608
202561609
202561610
202561611
202561612
202561613
202561614
202561615
202561616
202561617
202561618
202561620
202561621
202561622
202561623
202561624
202561625
202561627
202561628
202561630
202561631
202561632
202561633
202561634
202561635
202561636
202561637
202561638
202561639
202561640
202561641
202561642
202561643
202561644
202561645
202561646
202561647
202561648
202561650
202561651
202561652
202561653
202561654
202561655
202561656
202561657
202561658
202561659
202561660
202561661
202561662
202561663
202561664
202561665
202561666
202561667
202561668
202561669
202561670
202561671
202561672
202561673
202561674
202561675
202561676
202561677
202561678
202561680
202561681
202561682
202561683
202561684
202561685
202561686
202561687
202561689
202561690
202561691
202561692
202561693
202561694
202561695
202561696
202561697
202561698
202561699
202561700
202561701
202561702
202561703
202561704
202561705
202561706
202561707
202561708
202561709
202561710
202561711
202561713
202561714
202561715
202561716
202561717
202561718
202561719
202561721
202561722
202561723
202561724
202561725
202561726
202561727
202561728
202561729
202561730
202561731
202561732
202561733
202561735
202561736
202561737
202561738
202561739
202561740
202561741
202561742
202561743
202561744
202561745
202561746
202561747
202561748
202561749
202561750
202561751
202561752
202561753
202561754
202561755
202561756
202561757
202561758
202561759
202561760
202561761
202561762
202561763
202561764
202561765
202561766
202561767
202561768
202561769
202561770
202561771
202561772
202561773
202561774
202561775
202561776
202561777
202561778
202561779
202561780
202561781
202561782
202561783
202561784
202561785
202561786
202561787
202561788
202561789
202561790
202561791
202561792
202561793
202561794
202561795
202561796
202561797
202561798
202561799
202561800
202561801
202561802
202561803
202561804
202561805
202561806
202561807
202561808
202561809
202561810
202561811
202561812
202561814
202561815
202561816
202561817
202561818
202561819
202561820
202561821
202561822
202561823
202561824
202561825
202561826
202561827
202561828
202561829
202561830
202561831
202561832
202561833
202561834
202561835
202561836
202561837
202561838
202561839
202561840
202561841
202561842
202561843
202561844
202561845
202561846
202561847
202561848
202561849
202561850
202561851
202561852
202561853
202561854
202561855
202561856
202561858
202561859
202561860
202561861
202561862
202561863
202561864
202561865
202561866
202561867
202561868
202561869
202561870
202561871
202561872
202561873
202561874
202561875
202561876
202561877
202561878
202561879
202561880
202561881
202561882
202561883
202561884
202561885
202561886
202561887
202561888
202561889
202561890
202561891
202561892
202561893
202561894
202561895
202561896
202561897
202561898
202561899
202561900
202561901
202561902
202561903
202561904
202561905
202561906
202561907
202561908
202561909
202561910
202561911
202561912
202561913
202561914
202561915
202561916
202561917
202561919
202561920
202561921
202561922
202561923
202561924
202561925
202561926
202561927
202561928
202561929
202561930
202561931
202561932
202561933
202561934
202561935
202561936
202561937
202561938
202561939
202561940
202561941
202561943
202561944
202561945
202561946
202561947
202561948
202561949
202561950
202561951
202561952
202561953
202561954
202561955
202561956
202561957
202561958
202561959
202561960
202561961
202561962
202561963
202561964
202561965
202561966
202561967
202561968
202561969
202561970
202561971
202561972
202561973
202561974
202561975
202561976
202561977
202561978
202561979
202561980
202561981
202561982
202561983
202561984
202561985
202561986
202561987
202561988
202561989
202561990
202561991
202561992
202561993
202561994
202561995
202561996
202561997
202561998
202561999
202562000
202562001
202562002
202562003
202562004
202562005
202562006
202562007
202562008
202562009
202562010
202562011
202562012
202562013
202562014
202562015
202562016
202562017
202562018
202562019
202562020
202562021
202562023
202562024
202562025
202562026
202562027
202562028
202562029
202562030
202562031
202562032
202562033
202562034
202562035
202562036
202562037
202562038
202562039
202562040
202562041
202562042
202562043
202562044
202562045
202562046
202562047
202562048
202562050
202562051
202562052
202562053
202562054
202562055
202562056
202562057
202562058
202562059
202562060
202562061
202562062
202562063
202562064
202562065
202562066
202562067
202562068
202562069
202562070
202562071
202562072
202562073
202562074
202562075
202562076
202562077
202562078
202562079
202562081
202562082
202562083
202562084
202562085
202562086
202562087
202562088
202562089
202562090
202562092
202562093
202562094
202562095
202562096
202562097
202562098
202562099
202562100
202562101
202562102
202562103
202562104
202562105
202562106
202562107
202562108
202562109
202562110
202562111
202562112
202562113
202562114
202562115
202562116
202562117
202562118
202562119
202562120
202562121
202562123
202562124
202562125
202562126
202562127
202562128
202562129
202562130
202562131
202562132
202562133
202562134
202562135
202562136
202562137
202562138
202562139
202562140
202562141
202562142
202562143
202562144
202562145
202562146
202562147
202562148
202562149
202562150
202562151
202562152
202562153
202562154
202562155
202562156
202562157
202562158
202562159
202562160
202562161
202562162
202562163
202562164
202562165
202562166
202562167
202562168
202562169
202562170
202562171
202562172
202562173
202562174
202562175
202562176
202562177
202562178
202562179
202562180
202562181
202562182
202562183
202562184
202562185
202562186
202562187
202562188
202562189
202562190
202562191
202562192
202562193
202562194
202562195
202562196
202562197
202562198
202562199
202562776
202562778
202562779
202562780
202562781
202562782
202562783
202562784
202562785
202562786
202562787
202562788
202562789
202562791
202562792
202562793
202562794
202562795
202562796
202562797
202562798
202562799
202562800
202562801
202562802
202562804
202562805
202562806
202562807
202562809
202562810
202562811
202562812
202562813
202562814
202562815
202562816
202562817
202562818
202562819
202562820
202562821
202562822
202562823
202562824
202562825
202562826
202562827
202562829
202562830
202562832
202562833
202562834
202562835
202562836
202562838
202562839
202562841
202562842
202562843
202562844
202562845
202562846
202562847
202562848
202562849
202562850
202562851
202562853
202562855
202562856
202562858
202562859
202562860
202562861
202562862
202562864
202562866
202562867
202562868
202562869
202562870
202562871
202562872
202562873
202562874
202562877
202562878
202562879
202562881
202562882
202562883
202562884
202562885
202562886
202562887
202562888
202562889
202562890
202562891
202562892
202562893
202562894
202562895
202562896
202562897
202562898
202562900
202562901
202562902
202562903
202562905
202562906
202562907
202562908
202562909
202562910
202562911
202562912
202562913
202562914
202562915
202562916
202562917
202562918
202562919
202562920
202562922
202562924
202562925
202562926
202562928
202562930
202562931
202562932
202562933
202562934
202562935
202562936
202562937
202562938
202562939
202562941
202562942
202562943
202562944
202562946
202562947
202562948
202562949
202562950
202562951
202562952
202562953
202562954
202562956
202562957
202562958
202562959
202562961
202562962
202562963
202562964
202562965
202562969
202562970
202562972
202562974
202562975
202562976
202562977
202562978
202562979
202562980
202563469
202563470
202563471
202563472
202563473
202563474
202563475
202563476
202563477
202563478
202563479
202563480
202563481
202563482
202563483
202563484
202563485
202563486
202563487
202563488
202563489
202563490
202563492
202563493
202563494
202563495
202563496
202563497
202563498
202563499
202563500
202563501
202563502
202563503
202563504
202563505
202563506
202563507
202563508
202563509
202563510
202563511
202563512
202563513
202563514
202563515
202563516
202563517
202563518
202563519
202563520
202563521
202563522
202563523
202563524
202563525
202563526
202563527
202563528
202563529
202563530
202563531
202563532
202563533
202563534
202563535
202563536
202563537
202563538
202563539
202563540
202563541
202563542
202563543
202563544
202563545
202563546
202563547
202563548
202563549
202563550
202563551
202563552
202563553
202563554
202563555
202563556
202563557
202563558
202563559
202563560
202563561
202563562
202563563
202563564
202563565
202563566
202563567
202563568
202563569
202563570
202563571
202563572
202563573
202563574
202563575
202563576
202563577
202563578
202563579
202563580
202563581
202563582
202563583
202563584
202563585
202563586
202563587
202563588
202563589
202563590
202563591
202563592
202563593
202563594
202563595
202563596
202563597
202563598
202563599
202563600
202563601
202563602
202563603
202563604
202563605
202563606
202563607
202563608
202563609
202563610
202563611
202563612
202563613
202563614
202563615
202563616
202563617
202563618
202563619
202563620
202563621
202563622
202563623
202563624
202563625
202563626
202563627
202563629
202563630
202563631
202563632
202563633
202563634
202563635
202563636
202563637
202563638
202563639
202563640
202563641
202563642
202563643
202563645
202563646
202563647
202563648
202563649
202563650
202563651
202563652
202563653
202563654
202563655
202563656
202563657
202563658
202563659
202563660
202563661
202563662
202563663
202563664
202563665
202563666
202563667
202563668
202563669
202563670
202563671
202563672
202563673
202563674
202563675
202563676
202563677
202563678
202563679
202563680
202563681
202563682
202563683
202563684
202563685
202563686
202563687
202563688
202563689
202563690
202563691
202563692
202563693
202563694
202563695
202563696
202563697
202563698
202563699
202563700
202563701
202563702
202563703
202563705
202563706
202563707
202563708
202563709
202563710
202563711
202563712
202563714
202563715
202563716
202563717
202563718
202563719
202563720
202563721
202563722
202563723
202563724
202563725
202563726
202563727
202563728
202563729
202563730
202563731
202563732
202563733
202563734
202563735
202563736
202563737
202563738
202563739
202563740
202563741
202563742
202563743
202563744
202563745
202563746
202563747
202563748
202563749
202563750
202563751
202563752
202563753
202563754
202563755
202563756
202563757
202563758
202563759
202563761
202563763
202563764
202563765
202563766
202563767
202563768
202563770
202563771
202563772
202563773
202563774
202563775
202563776
202563777
202563778
202563779
202563780
202563781
202563782
202563783
202563784
202563785
202563786
202563787
202563788
202563789
202563790
202563791
202563792
202563793
202563794
202563795
202563796
202563797
202563798
202563799
202563800
202563801
202563802
202563803
202563804
202563805
202563806
202563807
202563808
202563809
202563810
202563811
202563812
202563813
202563814
202563815
202563816
202563817
202563818
202563820
202563821
202563822
202563823
202563824
202563825
202563826
202563827
202563828
202563829
202563830
202563831
202563832
202563833
202563835
202563836
202563837
202563838
202563839
202563841
202563842
202563843
202563844
202563845
202563846
202563847
202563848
202563849
202563850
202563851
202563852
202563853
202563854
202563855
202563856
202563857
202563858
202563859
202563860
202563861
202563862
202563864
202563866
202563867
202563868
202563869
202563871
202563873
202563875
202563876
202563878
202563880
202563881
202563882
202563883
202563884
202563885
202563886
202563887
202563888
202563890
202563891
202563892
202563893
202563894
202563895
202563896
202563897
202563898
202563899
202563900
202563901
202563902
202563903
202563904
202563905
202563906
202563907
202563909
202563910
202563911
202563912
202563913
202563914
202563915
202563916
202563917
202563918
202563919
202563920
202563921
202563924
202563925
202563926
202563927
202563928
202563929
202563931
202563932
202563933
202563934
202563935
202563936
202563937
202563938
202563939
202563940
202563941
202563942
202563943
202563944
202563945
202563946
202563947
202563948
202563949
202563950
202563951
202563952
202563953
202563954
202563955
202563956
202563957
202563959
202563960
202563962
202563963
202563964
202563965
202563966
202563967
202563968
202563969
202563970
202563971
202563972
202563973
202563974
202563975
202563976
202563977
202563978
202563979
202563980
202563982
202563983
202563984
202563985
202563986
202563988
202563991
202563992
202563994
202563995
202563996
202563999
202564000
202564001
202564004
202564007
202564008
202564009
202564010
202564011
202564013
202564014
202564015
202564017
202564018
202564019
202564020
202564021
202564022
202564023
202564024
202564027
202564029
202564030
202564031
202564032
202564035
202564036
202564037
202564038
202564039
202564040
202564041
202564042
202564044
202564045
202564046
202564047
202564048
202564049
202564050
202564052
202564053
202564054
202564055
202564056
202564057
202564058
202564059
202564061
202564064
202564066
202564068
202564070
202564071
202564072
202564073
202564074
202564075
202564077
202564299
202564300
202564301
202564302
202564303
202564304
202564306
202564307
202564309
202564310
202564311
202564312
202564313
202564314
202564316
202564317
202564318
202564321
202564322
202564324
202564325
202564326
202564327
202564328
202564329
202564330
202564331
202564332
202564333
202564334
202564338
202564339
202564340
202564341
202564342
202564343
202564344
202564345
202564346
202564347
202564348
202564349
202564350
202564352
202564353
202564354
202564355
202564356
202564357
202564358
202564359
202564360
202564361
202564362
202564363
202564364
202564365
202564366
202564367
202564368
202564369
202564370
202564371
202564372
202564373
202564374
202564375
202564376
202564377
202564378
202564379
202564380
202564381
202564382
202564383
202564384
202564385
202564386
202564387
202564388
202564389
202564390
202564391
202564392
202564393
202564394
202564395
202564396
202564397
202564398
202564399
202564400
202564401
202564402
202564403
202564404
202564405
202564406
202564408
202564409
202564410
202564411
202564412
202564413
202564414
202564415
202564416
202564417
202564418
202564419
202564421
202564422
202564423
202564424
202564425
202564426
202564427
202564428
202564429
202564430
202564431
202564432
202564433
202564434
202564436
202564437
202564438
202564439
202564440
202564441
202564442
202564443
202564444
202564445
202564446
202564448
202564449
202564450
202564452
202564453
202564454
202564455
202564456
202564457
202564458
202564459
202564460
202564461
202564462
202564464
202564465
202564466
202564467
202564468
202564469
202564470
202564471
202564472
202564473
202564474
202564475
202564476
202564477
202564480
202564481
202564484
202564485
202564486
202564487
202564488
202564489
202564490
202564491
202564492
202564493
202564494
202564496
202564497
202564499
202564500
202564501
202564503
202564504
202564506
202564507
202564508
202564509
202564510
202564511
202564512
202564513
202564514
202564515
202564517
202564518
202564519
202564521
202564522
202564523
202564525
202564526
202564527
202564528
202564529
202564530
202564531
202564532
202564535
202564536
202564538
202564539
202564540
202564541
202564542
202564543
202564544
202564546
202564547
202564549
202564550
202564551
202564552
202564553
202564554
202564555
202564557
202564558
202564559
202564560
202564561
202564563
202564564
202564565
202564566
202564567
202564568
202564569
202564570
202564571
202564573
202564575
202564577
202564578
202564579
202564580
202564581
202564582
202564584
202564585
202564586
202564587
202564588
202564589
202564590
202564591
202564593
202564594
202564595
202564596
202564597
202564598
202564599
202564600
202564601
202564604
202564605
202564606
202564607
202564608
202564609
202564610
202564611
202564612
202564613
202564615
202564616
202564617
202564619
202564620
202564621
202564622
202564623
202564624
202564625
202564626
202564627
202564628
202564629
202564630
202564631
202564632
202564633
202564634
202564635
202564636
202564637
202564638
202564639
202564640
202564641
202564643
202564644
202564645
202564646
202564647
202564652
202564653
202564654
202564655
202564656
202564657
202564658
202564659
202564660
202564661
202564662
202564663
202564667
202564668
202564669
202564670
202564671
202564673
202564674
202564675
202564676
202564677
202564678
202564679
202564680
202564682
202564683
202564684
202564685
202564687
202564688
202564689
202564690
202564691
202564692
202564693
202564694
202564696
202564697
202564698
202564699
202564700
202564701
202564702
202564703
202564704
202564705
202564706
202564708
202564709
202564710
202564711
202564712
202564714
202564715
202564716
202564717
202564718
202564719
202564720
202564723
202564724
202564725
202564726
202564727
202564729
202564730
202564731
202564732
202564733
202564734
202564735
202564736
202564737
202564738
202564739
202564740
202564741
202564742
202564743
202564744
202564746
202564747
202564748
202564750
202564751
202564752
202564911
202564912
202564913
202564915
202564916
202564917
202564918
202564919
202564920
202564921
202564922
202564923
202564924
202564925
202564926
202564927
202564928
202564929
202564930
202564931
202564932
202564933
202564934
202564936
202564937
202564938
202564939
202564940
202564941
202564942
202564943
202564944
202564945
202564946
202564947
202564948
202564949
202564950
202564951
202564952
202564953
202564954
202564955
202564956
202564957
202564958
202564959
202564960
202564961
202564962
202564963
202564964
202564965
202564966
202564967
202564968
202564969
202564970
202564971
202564972
202564973
202564974
202564975
202564978
202564979
202564980
202564981
202564982
202564983
202564984
202564985
202564986
202564987
202564988
202564989
202564990
202564991
202564992
202564993
202564994
202564995
202564996
202564997
202564998
202564999
202565000
202565001
202565002
202565003
202565004
202565005
202565006
202565007
202565008
202565010
202565011
202565012
202565013
202565014
202565015
202565016
202565017
202565018
202565019
202565020
202565021
202565022
202565023
202565024
202565025
202565026
202565027
202565028
202565029
202565030
202565031
202565032
202565033
202565034
202565035
202565036
202565037
202565038
202565039
202565040
202565041
202565042
202565043
202565044
202565045
202565046
202565047
202565048
202565049
202565050
202565051
202565052
202565053
202565054
202565055
202565056
202565057
202565058
202565059
202565060
202565061
202565062
202565063
202565064
202565065
202565066
202565067
202565068
202565069
202565070
202565071
202565072
202565073
202565074
202565075
202565076
202565077
202565078
202565079
202565080
202565081
202565082
202565083
202565084
202565085
202565086
202565087
202565088
202565089
202565090
202565091
202565092
202565093
202565094
202565095
202565096
202565097
202565098
202565099
202565100
202565101
202565102
202565103
202565104
202565105
202565106
202565107
202565108
202565109
202565110
202565111
202565112
202565113
202565114
202565115
202565117
202565118
202565119
202565121
202565122
202565123
202565124
202565125
202565126
202565127
202565128
202565129
202565130
202565131
202565132
202565133
202565134
202565135
202565136
202565137
202565138
202565139
202565140
202565141
202565142
202565143
202565144
202565145
202565146
202565147
202565148
202565149
202565150
202565151
202565152
202565153
202565154
202565155
202565156
202565157
202565158
202565159
202565160
202565161
202565162
202565163
202565164
202565165
202565166
202565167
202565168
202565169
202565170
202565171
202565172
202565173
202565175
202565176
202565177
202565178
202565179
202565180
202565181
202565182
202565183
202565184
202565185
202565187
202565188
202565189
202565190
202565191
202565192
202565193
202565194
202565195
202565196
202565197
202565198
202565199
202565200
202565201
202565202
202565203
202565204
202565205
202565206
202565207
202565208
202565209
202565210
202565211
202565212
202565213
202565214
202565215
202565216
202565218
202565219
202565220
202565221
202565222
202565223
202565224
202565225
202565226
202565227
202565228
202565229
202565230
202565231
202565232
202565233
202565234
202565235
202565236
202565237
202565238
202565239
202565240
202565241
202565242
202565243
202565244
202565245
202565246
202565247
202565248
202565249
202565250
202565251
202565252
202565253
202565254
202565255
202565256
202565257
202565258
202565259
202565260
202565261
202565262
202565263
202565264
202565265
202565266
202565267
202565268
202565269
202565270
202565271
202565272
202565273
202565274
202565275
202565276
202565277
202565278
202565279
202565280
202565281
202565282
202565283
202565284
202565285
202565286
202565287
202565288
202565289
202565290
202565291
202565292
202565293
202565294
202565295
202565296
202565297
202565298
202565299
202565300
202565301
202565302
202565303
202565304
202565305
202565306
202565307
202565309
202565310
202565311
202565312
202565313
202565314
202565315
202565316
202565317
202565318
202565319
202565320
202565321
202565322
202565323
202565324
202565325
202565326
202565327
202565328
202565329
202565330
202565331
202565332
202565333
202565334
202565335
202565336
202565337
202565338
202565353
202565354
202565355
202565357
202565358
202565359
202565360
202565361
202565362
202565363
202565364
202565365
202565366
202565367
202565368
202565369
202565370
202565371
202565372
202565373
202565374
202565375
202565376
202565377
202565378
202565379
202565380
202565381
202565383
202565384
202565385
202565386
202565387
202565388
202565389
202565390
202565392
202565393
202565394
202565395
202565396
202565398
202565399
202565400
202565401
202565402
202565403
202565405
202565406
202565407
202565408
202565409
202565410
202565411
202565412
202565413
202565414
202565415
202565416
202565417
202565418
202565419
202565421
202565422
202565424
202565425
202565426
202565427
202565428
202565431
202565432
202565433
202565434
202565436
202565437
202565438
202565439
202565440
202565441
202565442
202565443
202565444
202565445
202565446
202565448
202565449
202565450
202565451
202565453
202565454
202565455
202565456
202565457
202565458
202565459
202565460
202565461
202565462
202565463
202565464
202565465
202565467
202565468
202565469
202565471
202565472
202565473
202565474
202565475
202565477
202565479
202565480
202565481
202565482
202565483
202565484
202565485
202565488
202565490
202565491
202565492
202565493
202565494
202565496
202565497
202565498
202565500
202565502
202565503
202565504
202565505
202565506
202565507
202565508
202565509
202565510
202565512
202565514
202565515
202565516
202565517
202565518
202565519
202565520
202565521
202565522
202565523
202565524
202565525
202565527
202565528
202565529
202565530
202565531
202565533
202565534
202565535
202565536
202565537
202565538
202565539
202565540
202565541
202565542
202565543
202565544
202565545
202565546
202565548
202565549
202565551
202565552
202565553
202565554
202565555
202565556
202565558
202565559
202565560
202565561
202565562
202565563
202565564
202565565
202565566
202565567
202565568
202565569
202565570
202565572
202565573
202565574
202565575
202565576
202565577
202565578
202565579
202565580
202565581
202565582
202565583
202565584
202565585
202565586
202565587
202565588
202565590
202565591
202565592
202565593
202565594
202565596
202565597
202565598
202565600
202565601
202565602
202565604
202565605
202565606
202565607
202565608
202565609
202565610
202565611
202565613
202565614
202565615
202565617
202565620
202565621
202565622
202565623
202565624
202565626
202565627
202565628
202565632
202565633
202565634
202565635
202565636
202565637
202565638
202565639
202565643
202565644
202565645
202565646
202565647
202565648
202565649
202565650
202565651
202565652
202565653
202565655
202565656
202565657
202565658
202565659
202565660
202565661
202565662
202565663
202565664
202565665
202565666
202565667
202565668
202565669
202565670
202565671
202565672
202565673
202565674
202565675
202565676
202565677
202565678
202565679
202565680
202565681
202565682
202565683
202565684
202565685
202565686
202565687
202565688
202565689
202565690
202565691
202565692
202565694
202565695
202565696
202565697
202565698
202565699
202565700
202565701
202565702
202565703
202565704
202565705
202565706
202565707
202565708
202565709
202565710
202565711
202565713
202565715
202565718
202565719
202565720
202565721
202565722
202565723
202565724
202565725
202565727
202565728
202565729
202565730
202565731
202565734
202565735
202565737
202565740
202565741
202565742
202565743
202565744
202565745
202565746
202565747
202565748
202565750
202565751
202565752
202565753
202565754
202565755
202565756
202565757
202565758
202565759
202565760
202565761
202565762
202565763
202565765
202565766
202565768
202565769
202565776
202565777
202565778
202565779
202565780
202565781
202565782
202565783
202565784
202565786
202565788
202565790
202565792
202565793
202565795
202565796
202565797
202565798
202565799
202565800
202565802
202565803
202565804
202565805
202565806
202565807
202565808
202565809
202565810
202565811
202565813
202565814
202565815
202565816
202565817
202565818
202565819
202565820
202565821
202565822
202565823
202565824
202565826
202565827
202565828
202565829
202565830
202565831
202565832
202565833
202565836
202565838
202565839
202565840
202565841
202565843
202565844
202565845
202565846
202565847
202565848
202565849
202565850
202565851
202565852
202565853
202565854
202565855
202565856
202565858
202565859
202565860
202565861
202565864
202565865
202565866
202565867
202565868
202565869
202565870
202565871
202565872
202565873
202565874
202565875
202565876
202565877
202565879
202565880
202565881
202565882
202565884
202565885
202565886
202565887
202565888
202565889
202565891
202565892
202565893
202565894
202565895
202565896
202565897
202565899
202565900
202565901
202565902
202565903
202565904
202565905
202565906
202565907
202565908
202565909
202565912
202565914
202565915
202565916
202565917
202565918
202565919
202565920
202565921
202565922
202565923
202565924
202565925
202565926
202565927
202565928
202565929
202565930
202565931
202565932
202565933
202565934
202565935
202565936
202565937
202565938
202565940
202565941
202565944
202565945
202565946
202565947
202565948
202565951
202565952
202565953
202565954
202565955
202565956
202565958
202565959
202565960
202565961
202565962
202565963
202565964
202565965
202565966
202565967
202565968
202565969
202565970
202565971
202565973
202565974
202565975
202565976
202565977
202565978
202565979
202565980
202565981
202565982
202565983
202565984
202565985
202565986
202565987
202565988
202565989
202565990
202565991
202565992
202565994
202565995
202565997
202565998
202565999
202566000
202566001
202566002
202566003
202566004
202566005
202566006
202566007
202566008
202566009
202566011
202566012
202566013
202566014
202566015
202566016
202566017
202566018
202566019
202566021
202566022
202566026
202566030
202566034
202566035
202566036
202566037
202566038
202566039
202566040
202566041
202566370
202566371
202566372
202566373
202566374
202566375
202566376
202566377
202566378
202566379
202566380
202566381
202566382
202566383
202566384
202566385
202566386
202566387
202566388
202566389
202566390
202566391
202566393
202566394
202566395
202566396
202566397
202566398
202566399
202566400
202566401
202566402
202566403
202566404
202566405
202566406
202566407
202566408
202566409
202566410
202566411
202566412
202566413
202566414
202566415
202566416
202566418
202566419
202566420
202566421
202566422
202566423
202566424
202566425
202566426
202566427
202566428
202566429
202566430
202566431
202566432
202566433
202566434
202566435
202566436
202566437
202566438
202566439
202566440
202566441
202566442
202566443
202566444
202566445
202566446
202566447
202566448
202566449
202566450
202566451
202566452
202566453
202566454
202566455
202566456
202566457
202566458
202566459
202566460
202566461
202566462
202566463
202566464
202566465
202566466
202566467
202566468
202566470
202566472
202566473
202566474
202566475
202566476
202566477
202566478
202566479
202566480
202566481
202566482
202566483
202566484
202566485
202566486
202566487
202566488
202566489
202566490
202566491
202566492
202566493
202566494
202566495
202566496
202566497
202566498
202566499
202566500
202566501
202566502
202566503
202566504
202566505
202566506
202566507
202566508
202566509
202566510
202566511
202566512
202566513
202566514
202566515
202566516
202566517
202566518
202566519
202566520
202566521
202566522
202566523
202566524
202566525
202566526
202566527
202566528
202566529
202566530
202566531
202566532
202566533
202566534
202566535
202566536
202566537
202566538
202566539
202566540
202566541
202566542
202566543
202566544
202566545
202566546
202566547
202566548
202566549
202566550
202566551
202566552
202566553
202566554
202566555
202566556
202566557
202566558
202566559
202566560
202566561
202566562
202566563
202566564
202566565
202566566
202566567
202566568
202566569
202566570
202566571
202566572
202566573
202566574
202566575
202566576
202566577
202566578
202566579
202566580
202566581
202566582
202566583
202566584
202566585
202566586
202566587
202566588
202566589
202566590
202566591
202566592
202566593
202566594
202566595
202566596
202566597
202566598
202566599
202566600
202566601
202566602
202566603
202566604
202566605
202566606
202566607
202566608
202566609
202566610
202566611
202566612
202566613
202566614
202566615
202566616
202566617
202566618
202566619
202566620
202566621
202566622
202566623
202566624
202566625
202566626
202566627
202566628
202566629
202566630
202566631
202566632
202566633
202566634
202566635
202566636
202566637
202566638
202566639
202566640
202566641
202566642
202566643
202566644
202566645
202566646
202566647
202566648
202566649
202566650
202566651
202566652
202566653
202566655
202566656
202566657
202566658
202566659
202566660
202566661
202566662
202566663
202566664
202566665
202566666
202566667
202566668
202566669
202566670
202566671
202566672
202566673
202566674
202566675
202566676
202566677
202566678
202566680
202566682
202566683
202566684
202566685
202566686
202566687
202566688
202566689
202566690
202566691
202566692
202566693
202566694
202566695
202566696
202566697
202566698
202566699
202566700
202566701
202566702
202566703
202566704
202566705
202566706
202566707
202566708
202566709
202566710
202566711
202566712
202566713
202566714
202566715
202566716
202566717
202566718
202566719
202566720
202566721
202566722
202566723
202566724
202566725
202566726
202566727
202566728
202566729
202566730
202566731
202566732
202566733
202566734
202566735
202566736
202566737
202566738
202566739
202566740
202566741
202566742
202566743
202566745
202566746
202566747
202566748
202566749
202566750
202566751
202566752
202566753
202566754
202566755
202566756
202566757
202566758
202566759
202566761
202566762
202566763
202566764
202566765
202566766
202566767
202566768
202566769
202566770
202566771
202566772
202566773
202566774
202566775
202566776
202566777
202566778
202566779
202566780
202566781
202566782
202566783
202566784
202566785
202566786
202566787
202566788
202566789
202566790
202566791
202566792
202566793
202566794
202566795
202566796
202566797
202566798
202566799
202566800
202566801
202566802
202566803
202566804
202566805
202566807
202566808
202566809
202566810
202566811
202566812
202566813
202566814
202566815
202566816
202566817
202566818
202566819
202566820
202566821
202566822
202566823
202566824
202566825
202566826
202566827
202566828
202566829
202566830
202566831
202566832
202566833
202566834
202566835
202566836
202566837
202566838
202566839
202566840
202566841
202566842
202566843
202566844
202566845
202566846
202566847
202566848
202566849
202566850
202566851
202566852
202566853
202566854
202566855
202566856
202566857
202566858
202566859
202566860
202566862
202566863
202566864
202566865
202566866
202566867
202566868
202566869
202566870
202566871
202566872
202566873
202566874
202566875
202566876
202566877
202566878
202566879
202566880
202566881
202566882
202566883
202566884
202566885
202566886
202566887
202566888
202566889
202566890
202566891
202566892
202566893
202566894
202566895
202566896
202566897
202566898
202566899
202566900
202566901
202566902
202566903
202566904
202566905
202566906
202566907
202566908
202566909
202566910
202566911
202566912
202566913
202566914
202566915
202566916
202566917
202566918
202566919
202566920
202566921
202566922
202566923
202566924
202566925
202566926
202566927
202566928
202566929
202566930
202566931
202566932
202566933
202566934
202566935
202566936
202566937
202566938
202566939
202566940
202566941
202566942
202566943
202566945
202566947
202566949
202566950
202566951
202566952
202566953
202566955
202566956
202566957
202566958
202566959
202566960
202566961
202566962
202566963
202566964
202566966
202566968
202566969
202566970
202566972
202566974
202566976
202566977
202566978
202566979
202566980
202566981
202566982
202566985
202566987
202566988
202566989
202566990
202566991
202566992
202566993
202566994
202566995
202566996
202566997
202566998
202566999
202567001
202567002
202567004
202567005
202567006
202567007
202567009
202567010
202567012
202567013
202567014
202567015
202567016
202567018
202567021
202567022
202567023
202567025
202567026
202567027
202567030
202567031
202567032
202567033
202567034
202567035
202567036
202567037
202567038
202567041
202567042
202567044
202567045
202567046
202567048
202567049
202567050
202567051
202567052
202567053
202567054
202567055
202567056
202567057
202567058
202567059
202567060
202567061
202567062
202567063
202567064
202567066
202567067
202567068
202567070
202567071
202567072
202567073
202567074
202567075
202567076
202567077
202567078
202567079
202567084
202567087
202567088
202567089
202567090
202567091
202567092
202567094
202567095
202567096
202567097
202567098
202567099
202567101
202567102
202567104
202567105
202567106
202567107
202567108
202567109
202567112
202567113
202567117
202567118
202567119
202567120
202567123
202567124
202567125
202567128
202567129
202567130
202567131
202567132
202567133
202567134
202567135
202567136
202567137
202567138
202567139
202567140
202567141
202567142
202567143
202567144
202567145
202567146
202567147
202567148
202567150
202567151
202567152
202567153
202567154
202567155
202567156
202567157
202567158
202567159
202567161
202567162
202567163
202567164
202567166
202567167
202567168
202567171
202567172
202567174
202567177
202567178
202567179
202567182
202567183
202567184
202567185
202567186
202567187
202567188
202567189
202567190
202567191
202567192
202567193
202567194
202567195
202567196
202567197
202567199
202567200
202567201
202567202
202567203
202567204
202567205
202567206
202567207
202567208
202567209
202567210
202567211
202567212
202567213
202567215
202567218
202567219
202567220
202567221
202567222
202567223
202567224
202567225
202567226
202567227
202567228
202567229
202567230
202567232
202567233
202567234
202567236
202567237
202567238
202567239
202567240
202567241
202567242
202567244
202567245
202567246
202567247
202567248
202567249
202567251
202567252
202567253
202567254
202567255
202567256
202567257
202567258
202567259
202567260
202567261
202567262
202567265
202567267
202567268
202567269
202567270
202567271
202567272
202567273
202567274
202567275
202567276
202567277
202567278
202567279
202567280
202567281
202567282
202567283
202567284
202567285
202567287
202567288
202567289
202567290
202567291
202567292
202567294
202567295
202567296
202567297
202567298
202567299
202567300
202567302
202567303
202567304
202567305
202567306
202567307
202567309
202567310
202567311
202567312
202567314
202567316
202567317
202567318
202567319
202567320
202567322
202567323
202567325
202567326
202567337
202567338
202567339
202567340
202567341
202567342
202567343
202567344
202567346
202567347
202567348
202567349
202567350
202567351
202567352
202567353
202567354
202567355
202567356
202567357
202567358
202567359
202567360
202567361
202567362
202567363
202567364
202567365
202567366
202567367
202567368
202567369
202567370
202567657
202567658
202567659
202567660
202567661
202567662
202567663
202567664
202567665
202567666
202567667
202567668
202567669
202567670
202567671
202567675
202567676
202567677
202567678
202567679
202567680
202567681
202567682
202567683
202567684
202567685
202567686
202567687
202567688
202567690
202567691
202567692
202567693
202567694
202567695
202567696
202567697
202567698
202567699
202567700
202567701
202567702
202567706
202567707
202567708
202567710
202567711
202567712
202567713
202567714
202567715
202567716
202567717
202567718
202567720
202567721
202567722
202567723
202567724
202567725
202567726
202567728
202567729
202567730
202567731
202567732
202567733
202567734
202567735
202567736
202567737
202567739
202567740
202567741
202567742
202567744
202567745
202567746
202567747
202567749
202567750
202567751
202567752
202567753
202567754
202567755
202567756
202567757
202567758
202567759
202567760
202567761
202567762
202567763
202567764
202567766
202567767
202567768
202567769
202567770
202567771
202567773
202567774
202567775
202567777
202567778
202567780
202567781
202567782
202567783
202567784
202567785
202567786
202567787
202567788
202567789
202567792
202567793
202567794
202567796
202567797
202567798
202567799
202567800
202567801
202567802
202567803
202567804
202567805
202567806
202567807
202567809
202567810
202567812
202567813
202567814
202567815
202567816
202567817
202567818
202567819
202567820
202567822
202567823
202567824
202567827
202567829
202567830
202567831
202567832
202567833
202567834
202567835
202567837
202567838
202567839
202567840
202567914
202567916
202567920
202567921
202567925
202567926
202567928
202567929
202567930
202567931
202567932
202567933
202567934
202567935
202567936
202567937
202567939
202567940
202567941
202567942
202567943
202567944
202567945
202567947
202567948
202567949
202567950
202567951
202567952
202567953
202567954
202567955
202567956
202567957
202567958
202567959
202567961
202567962
202567963
202567965
202567966
202567967
202567968
202567969
202567970
202567972
202567973
202567974
202567977
202567978
202567979
202567980
202567982
202567983
202567985
202567986
202567987
202567988
202567989
202567990
202567991
202567992
202567993
202567995
202567996
202567997
202567998
202568000
202568001
202568002
202568003
202568004
202568007
202568008
202568009
202568010
202568011
202568012
202568013
202568014
202568015
202568016
202568017
202568018
202568019
202568020
202568021
202568022
202568023
202568024
202568025
202568026
202568027
202568028
202568029
202568030
202568031
202568032
202568033
202568034
202568035
202568036
202568037
202568038
202568039
202568040
202568041
202568042
202568043
202568044
202568045
202568046
202568047
202568048
202568049
202568050
202568051
202568052
202568053
202568054
202568055
202568056
202568057
202568058
202568059
202568060
202568061
202568062
202568063
202568064
202568066
202568067
202568068
202568069
202568070
202568071
202568072
202568073
202568074
202568075
202568076
202568077
202568078
202568079
202568080
202568081
202568082
202568083
202568084
202568085
202568086
202568087
202568088
202568089
202568090
202568091
202568092
202568093
202568094
202568095
202568096
202568097
202568098
202568099
202568100
202568101
202568102
202568103
202568104
202568105
202568106
202568107
202568108
202568109
202568110
202568111
202568112
202568113
202568114
202568115
202568116
202568117
202568118
202568119
202568120
202568121
202568122
202568123
202568124
202568125
202568126
202568127
202568128
202568129
202568130
202568131
202568132
202568133
202568134
202568135
202568136
202568137
202568138
202568139
202568140
202568141
202568142
202568143
202568144
202568145
202568146
202568147
202568148
202568149
202568150
202568151
202568152
202568153
202568154
202568155
202568156
202568157
202568158
202568159
202568160
202568162
202568163
202568164
202568165
202568166
202568167
202568168
202568169
202568170
202568171
202568172
202568173
202568174
202568175
202568176
202568177
202568178
202568179
202568180
202568181
202568182
202568183
202568184
202568185
202568186
202568187
202568188
202568189
202568190
202568191
202568192
202568193
202568194
202568195
202568196
202568197
202568198
202568199
202568200
202568201
202568202
202568203
202568204
202568205
202568206
202568207
202568208
202568209
202568211
202568212
202568213
202568214
202568215
202568216
202568217
202568218
202568219
202568220
202568221
202568222
202568223
202568224
202568225
202568226
202568227
202568228
202568229
202568230
202568231
202568232
202568233
202568234
202568235
202568236
202568237
202568239
202568240
202568241
202568242
202568243
202568244
202568245
202568246
202568247
202568248
202568250
202568251
202568252
202568253
202568254
202568255
202568256
202568257
202568258
202568259
202568260
202568261
202568262
202568263
202568264
202568265
202568266
202568267
202568268
202568269
202568270
202568271
202568272
202568273
202568274
202568275
202568276
202568277
202568278
202568279
202568280
202568281
202568282
202568283
202568284
202568285
202568286
202568287
202568288
202568289
202568290
202568291
202568292
202568293
202568294
202568295
202568296
202568297
202568298
202568299
202568300
202568301
202568302
202568303
202568304
202568305
202568306
202568307
202568308
202568309
202568310
202568311
202568312
202568313
202568314
202568315
202568316
202568317
202568318
202568319
202568320
202568321
202568322
202568323
202568324
202568325
202568326
202568327
202568328
202568329
202568330
202568331
202568332
202568333
202568334
202568335
202568336
202568337
202568338
202568339
202568340
202568341
202568342
202568344
202568345
202568346
202568347
202568348
202568350
202568352
202568353
202568354
202568355
202568356
202568357
202568358
202568359
202568360
202568361
202568362
202568363
202568364
202568365
202568366
202568367
202568368
202568369
202568370
202568371
202568372
202568373
202568374
202568375
202568376
202568377
202568378
202568379
202568380
202568381
202568382
202568383
202568386
202568387
202568388
202568389
202568390
202568391
202568392
202568394
202568395
202568396
202568397
202568399
202568400
202568401
202568402
202568403
202568404
202568405
202568406
202568407
202568408
202568409
202568410
202568411
202568412
202568413
202568414
202568415
202568416
202568417
202568418
202568419
202568420
202568421
202568422
202568423
202568424
202568425
202568426
202568427
202568428
202568429
202568430
202568431
202568432
202568433
202568435
202568436
202568437
202568438
202568439
202568440
202568441
202568442
202568443
202568444
202568445
202568446
202568447
202568448
202568449
202568450
202568451
202568452
202568453
202568454
202568455
202568456
202568458
202568459
202568460
202568461
202568462
202568463
202568464
202568465
202568466
202568467
202568468
202568469
202568470
202568471
202568472
202568473
202568474
202568475
202568476
202568477
202568478
202568479
202568480
202568481
202568482
202568483
202568484
202568485
202568486
202568487
202568488
202568489
202568490
202568491
202568492
202568493
202568494
202568495
202568496
202568497
202568498
202568499
202568500
202568501
202568502
202568503
202568504
202568505
202568506
202568507
202568508
202568509
202568510
202568511
202568512
202568513
202568514
202568515
202568516
202568517
202568518
202568519
202568520
202568521
202568522
202568523
202568524
202568525
202568526
202568527
202568528
202568529
202568530
202568531
202568532
202568533
202568534
202568535
202568536
202568537
202568538
202568539
202568540
202568541
202568542
202568543
202568544
202568545
202568546
202568547
202568548
202568549
202568550
202568551
202568552
202568553
202568554
202568555
202568556
202568557
202568558
202568560
202568561
202568562
202568563
202568564
202568565
202568566
202568567
202568568
202568569
202568570
202568571
202568572
202568573
202568574
202568575
202568576
202568577
202568579
202568580
202568581
202568582
202568583
202568584
202568585
202568586
202568587
202568588
202568589
202568590
202568591
202568593
202568594
202568595
202568596
202568597
202568598
202568599
202568600
202568602
202568603
202568605
202568606
202568607
202568608
202568609
202568610
202568611
202568612
202568613
202568614
202568615
202568616
202568617
202568618
202568619
202568620
202568621
202568622
202568623
202568624
202568625
202568626
202568627
202568628
202568629
202568630
202568632
202568633
202568634
202568635
202568636
202568637
202568638
202568639
202568640
202568641
202568642
202568643
202568644
202568645
202568646
202568647
202568648
202568649
202568650
202568651
202568652
202568653
202568654
202568655
202568656
202568657
202568658
202568659
202568660
202568661
202568662
202568663
202568664
202568665
202568666
202568667
202568668
202568669
202568670
202568671
202568672
202568673
202568674
202568675
202568676
202568677
202568678
202568679
202568680
202568681
202568682
202568683
202568684
202568685
202568686
202568687
202568688
202568689
202568690
202568691
202568692
202568693
202568694
202568695
202568696
202568697
202568698
202568699
202568700
202568701
202568702
202568703
202568704
202568705
202568706
202568707
202568708
202568709
202568710
202568711
202568712
202568713
202568714
202568715
202568716
202568717
202568719
202568720
202568721
202568722
202568723
202568724
202568725
202568726
202568727
202568728
202568729
202568730
202568731
202568732
202568733
202568734
202568735
202568736
202568737
202568738
202568739
202568740
202568741
202568742
202568743
202568744
202568745
202569377
202569378
202569379
202569380
202569381
202569382
202569383
202569384
202569385
202569386
202569387
202569388
202569389
202569390
202569391
202569392
202569393
202569394
202569395
202569396
202569397
202569399
202569400
202569401
202569403
202569404
202569405
202569406
202569407
202569408
202569409
202569410
202569411
202569412
202569413
202569414
202569415
202569419
202569420
202569422
202569425
202569426
202569427
202569428
202569429
202569430
202569431
202569432
202569434
202569435
202569436
202569437
202569438
202569439
202569440
202569441
202569442
202569443
202569444
202569445
202569446
202569447
202569448
202569449
202569450
202569451
202569452
202569453
202569454
202569456
202569457
202569458
202569459
202569460
202569461
202569462
202569463
202569464
202569465
202569466
202569467
202569468
202569469
202569470
202569471
202569474
202569475
202569476
202569477
202569478
202569479
202569480
202569482
202569484
202569485
202569487
202569488
202569489
202569490
202569491
202569492
202569493
202569495
202569497
202569499
202569500
202569501
202569502
202569504
202569505
202569506
202569508
202569509
202569510
202569511
202569516
202569519
202569521
202569522
202569527
202569528
202569535
202569537
202569539
202569540
202569541
202569543
202569544
202569545
202569552
202569553
202569557
202569564
202569566
202569572
202569575
202569577
202569579
202569589
202569591
202569592
202569608
202569609
202569619
202569626
202569628
202569633
202569634
202569636
202569641
202569643
202569644
202569649
202569670
202569671
202569675
202569678
202569687
202569690
202569693
202569694
202569698
202569713
202569717
202569718
202569722
202569731
202569746
202569747
202569756
202569759
202569766
202569774
202569777
202569786
202569791
202569796
202569800
202569807
202569809
202569811
202569818
202569819
202569828
202569829
202569830
202569845
202569848
202569865
202569871
202569872
202569874
202569876
202569877
202569878
202569879
202569886
202569887
202569901
202569902
202569904
202569908
202569909
202569915
202569927
202569931
202569932
202569945
202569947
202569948
202569949
202569950
202569954
202569957
202569965
202569966
202569967
202569968
202569970
202569971
202569972
202569974
202569977
202569980
202569981
202569982
202569983
202569985
202569988
202569999
202570000
202570016
202570017
202570018
202570019
202570020
202570021
202570022
202570023
202570024
202570025
202570026
202570027
202570028
202570029
202570030
202570031
202570032
202570033
202570034
202570035
202570036
202570037
202570038
202570039
202570040
202570041
202570042
202570043
202570044
202570045
202570046
202570048
202570049
202570050
202570051
202570052
202570053
202570054
202570055
202570056
202570057
202570058
202570059
202570060
202570061
202570062
202570063
202570064
202570065
202570066
202570067
202570068
202570069
202570070
202570071
202570072
202570073
202570074
202570075
202570076
202570077
202570079
202570080
202570081
202570082
202570083
202570084
202570085
202570087
202570088
202570089
202570090
202570091
202570092
202570093
202570094
202570095
202570096
202570097
202570098
202570099
202570100
202570101
202570102
202570103
202570104
202570105
202570106
202570107
202570108
202570109
202570110
202570111
202570112
202570113
202570114
202570115
202570116
202570117
202570118
202570119
202570120
202570121
202570122
202570124
202570125
202570126
202570127
202570128
202570129
202570130
202570132
202570133
202570134
202570135
202570136
202570137
202570139
202570140
202570141
202570142
202570143
202570144
202570369
202570372
202570374
202570375
202570380
202570383
202570386
202570395
202570397
202570403
202570404
202570405
202570407
202570408
202570412
202570413
202570414
202570418
202570419
202570437
202570439
202570442
202570445
202570446
202570448
202570449
202570450
202570451
202570452
202570454
202570455
202570456
202570457
202570458
202570459
202570460
202570461
202570462
202570465
202570466
202570468
202570469
202570470
202570471
202570472
202570474
202570475
202570476
202570477
202570478
202570479
202570480
202570481
202570482
202570483
202570484
202570485
202570486
202570487
202570488
202570489
202570490
202570491
202570492
202570493
202570494
202570495
202570496
202570497
202570498
202570499
202570500
202570501
202570502
202570503
202570504
202570505
202570506
202570507
202570508
202570509
202570511
202570512
202570514
202570515
202570516
202570517
202570518
202570519
202570520
202570521
202570522
202570523
202570524
202570525
202570526
202570527
202570528
202570529
202570530
202570531
202570533
202570534
202570535
202570536
202570537
202570538
202570539
202570540
202570541
202570542
202570543
202570544
202570545
202570546
202570547
202570550
202570551
202570552
202570554
202570555
202570556
202570559
202570562
202570563
202570565
202570566
202570567
202570568
202570569
202570570
202570571
202570572
202570573
202570574
202570575
202570576
202570578
202570579
202570580
202570581
202570582
202570584
202570585
202570586
202570587
202570588
202570589
202570590
202570591
202570592
202570593
202570594
202570595
202570596
202570598
202570600
202570603
202570604
202570605
202570606
202570607
202570608
202570609
202570610
202570611
202570612
202570613
202570615
202570616
202570617
202570618
202570619
202570620
202570621
202570622
202570623
202570626
202570627
202570628
202570629
202570630
202570631
202570632
202570633
202570634
202570635
202570636
202570637
202570638
202570639
202570640
202570641
202570643
202570644
202570645
202570646
202570647
202570648
202570649
202570650
202570651
202570652
202570655
202570656
202570657
202570658
202570659
202570660
202570661
202570662
202570663
202570665
202570666
202570667
202570668
202570669
202570672
202570673
202570674
202570675
202570676
202570677
202570679
202570680
202570682
202570685
202570686
202570687
202570688
202570689
202570691
202570692
202570693
202570694
202570696
202570697
202570698
202570699
202570700
202570701
202570702
202570703
202570704
202570705
202570706
202570707
202570708
202570709
202570710
202570713
202570714
202570715
202570716
202570718
202570719
202570720
202570721
202570722
202570723
202570724
202570725
202570726
202570728
202570731
202570734
202570738
202570741
202570742
202570743
202570749
202570752
202570755
202570757
202570759
202570762
202570765
202570766
202570767
202570768
202570769
202570770
202570771
202570772
202570773
202570774
202570776
202570777
202570778
202570779
202570780
202570782
202570784
202570786
202570787
202570788
202570789
202570790
202570791
202570796
202570797
202570799
202570800
202570801
202570802
202570807
202570809
202570812
202570813
202570815
202570816
202570817
202570818
202570819
202570822
202570823
202570828
202570829
202570831
202570832
202570833
202570835
202570836
202570837
202570839
202570840
202570844
202570845
202570846
202570847
202570848
202570849
202570851
202570852
202570853
202570854
202570856
202570857
202570858
202570861
202570862
202570864
202570865
202570866
202570868
202570869
202570870
202570872
202570875
202570878
202570879
202570880
202570884
202570885
202570887
202570888
202570889
202570890
202570891
202570892
202570893
202570896
202570899
202570900
202570901
202570902
202570903
202570909
202570910
202570911
202570912
202570913
202570914
202570915
202570916
202570917
202570918
202570919
202571115
202571116
202571121
202571122
202571125
202571126
202571128
202571129
202571130
202571132
202571443
202571448
202571451
202571464
202571476
202571504
202571545
202571552
202571555
202571582
202571596
202571604
202571622
202571628
202571638
202571641
202571649
202571683
202571696
202571702
202571713
202571722
202571724
202571727
202571735
202571739
202571747
202571751
202571752
202571753
202571755
202571756
202571757
202571758
202571760
202571763
202571764
202571765
202571766
202571768
202571772
202571774
202571775
202571776
202571777
202571778
202571780
202571781
202571782
202571783
202571785
202571786
202571787
202571788
202571792
202571793
202571794
202571796
202571799
202571801
202571803
202571804
202571805
202571806
202571807
202571808
202571809
202571810
202571811
202571812
202571813
202571815
202571816
202571817
202571818
202571819
202571820
202571824
202571826
202571827
202571828
202571829
202571830
202571833
202571834
202571835
202571836
202571837
202571838
202571839
202571840
202571841
202571843
202571844
202571845
202571846
202571847
202571848
202571849
202571850
202571851
202571853
202571854
202571855
202571856
202571857
202571858
202571859
202571860
202571861
202571862
202571863
202571864
202571865
202571866
202571867
202571868
202571869
202571870
202571871
202571872
202571873
202571874
202571875
202571876
202571877
202571878
202571879
202571881
202571882
202571883
202571884
202571885
202571886
202571887
202571888
202571889
202571890
202571891
202571892
202571894
202571895
202571896
202571897
202571898
202571899
202571900
202571901
202571902
202571903
202571904
202571905
202571906
202571907
202571908
202571909
202571910
202571911
202571912
202571913
202571914
202571915
202571916
202571917
202571918
202571919
202571920
202571921
202571922
202571923
202571924
202571925
202571926
202571927
202571928
202571929
202571930
202571931
202571932
202571934
202571935
202571936
202571937
202571938
202571939
202571940
202571941
202571942
202571943
202571944
202571945
202571946
202571947
202571948
202571949
202571950
202571951
202571952
202571953
202571954
202571955
202571957
202571958
202571959
202571960
202571961
202571962
202571963
202571964
202571965
202571966
202571967
202571968
202571969
202571970
202571971
202571972
202571974
202571975
202571976
202571977
202571978
202571979
202571980
202571981
202571982
202571983
202571984
202571985
202571986
202571987
202571988
202571989
202571990
202571991
202571992
202571993
202571994
202571995
202571997
202571998
202571999
202572000
202572001
202572002
202572003
202572004
202572005
202572006
202572007
202572008
202572009
202572010
202572011
202572012
202572013
202572014
202572015
202572017
202572018
202572019
202572020
202572021
202572022
202572023
202572024
202572025
202572026
202572027
202572028
202572029
202572030
202572032
202572033
202572034
202572035
202572036
202572037
202572038
202572039
202572040
202572041
202572042
202572043
202572044
202572045
202572046
202572047
202572048
202572049
202572050
202572051
202572052
202572053
202572054
202572055
202572056
202572057
202572058
202572059
202572060
202572061
202572062
202572063
202572064
202572065
202572066
202572067
202572068
202572069
202572070
202572071
202572072
202572073
202572074
202572075
202572076
202572077
202572078
202572079
202572080
202572081
202572082
202572083
202572084
202572085
202572086
202572087
202572088
202572089
202572090
202572091
202572092
202572093
202572094
202572095
202572096
202572097
202572098
202572099
202572100
202572101
202572102
202572103
202572104
202572105
202572106
202572107
202572108
202572109
202572110
202572111
202572112
202572113
202572114
202572115
202572116
202572117
202572118
202572120
202572121
202572122
202572123
202572124
202572125
202572126
202572127
202572128
202572129
202572130
202572131
202572132
202572133
202572134
202572135
202572137
202572138
202572139
202572140
202572141
202572142
202572143
202572144
202572145
202572146
202572147
202572148
202572149
202572150
202572151
202572152
202572153
202572154
202572155
202572156
202572157
202572158
202572159
202572160
202572161
202572162
202572164
202572165
202572167
202572168
202572169
202572170
202572171
202572172
202572173
202572174
202572175
202572176
202572177
202572178
202572179
202572182
202572184
202572185
202572186
202572187
202572188
202572189
202572190
202572191
202572192
202572193
202572195
202572196
202572197
202572198
202572199
202572200
202572201
202572203
202572204
202572205
202572206
202572207
202572208
202572209
202572210
202572211
202572212
202572213
202572214
202572215
202572216
202572217
202572218
202572219
202572220
202572221
202572222
202572223
202572224
202572225
202572226
202572227
202572228
202572229
202572230
202572231
202572232
202572233
202572234
202572235
202572236
202572237
202572238
202572239
202572240
202572241
202572242
202572243
202572244
202572245
202572247
202572248
202572249
202572250
202572252
202572253
202572254
202572255
202572256
202572257
202572258
202572259
202572260
202572261
202572263
202572264
202572265
202572266
202572267
202572268
202572269
202572271
202572272
202572274
202572275
202572276
202572277
202572278
202572279
202572280
202572281
202572282
202572283
202572284
202572285
202572286
202572287
202572288
202572289
202572290
202572291
202572292
202572293
202572294
202572295
202572296
202572297
202572298
202572299
202572300
202572301
202572302
202572303
202572304
202572305
202572306
202572307
202572308
202572309
202572310
202572311
202572312
202572313
202572314
202572315
202572316
202572317
202572318
202572319
202572320
202572321
202572322
202572323
202572324
202572325
202572326
202572327
202572328
202572329
202572330
202572331
202572332
202572333
202572334
202572335
202572336
202572337
202572338
202572339
202572340
202572341
202572342
202572343
202572344
202572345
202572346
202572347
202572348
202572349
202572350
202572351
202572352
202572353
202572354
202572355
202572356
202572357
202572358
202572359
202572360
202572361
202572362
202572363
202572364
202572365
202572366
202572367
202572368
202572369
202572370
202572371
202572372
202572373
202572375
202572376
202572377
202572378
202572379
202572380
202572381
202572382
202572383
202572384
202572385
202572386
202572387
202572388
202572389
202572390
202572391
202572392
202572393
202572394
202572395
202572396
202572397
202572398
202572399
202572400
202572401
202572403
202572404
202572405
202572406
202572407
202572408
202572409
202572410
202572411
202572412
202572413
202572414
202572415
202572416
202572417
202572418
202572419
202572420
202572421
202572422
202572423
202572424
202572425
202572426
202572427
202572428
202572429
202572430
202572431
202572432
202572433
202572434
202572435
202572436
202572437
202572438
202572439
202572440
202572441
202572442
202572443
202572444
202572445
202572446
202572447
202572448
202572449
202572450
202572451
202572452
202572453
202572454
202572455
202572456
202572457
202572458
202572459
202572460
202572461
202572462
202572463
202572464
202572465
202572466
202572467
202572468
202572469
202572470
202572471
202572472
202572473
202572474
202572475
202572476
202572477
202572478
202572479
202572480
202572481
202572482
202572483
202572484
202572485
202572486
202572487
202572488
202572489
202572490
202572491
202572492
202572493
202572494
202572495
202572496
202572497
202572498
202572499
202572500
202572501
202572502
202572503
202572504
202572505
202572506
202572507
202572508
202572509
202572510
202572511
202572512
202572513
202572514
202572515
202572516
202572517
202572518
202572519
202572520
202572521
202572522
202572523
202572524
202572525
202572526
202572527
202572528
202572529
202572530
202572531
202572532
202572533
202572534
202572535
202572536
202572537
202572538
202572539
202572540
202572541
202572542
202572543
202572544
202572545
202572546
202572547
202572548
202572549
202572550
202572551
202572552
202572553
202572554
202572555
202572556
202572557
202572558
202572559
202572560
202572561
202572562
202572563
202572564
202572565
202572566
202572567
202572568
202572569
202572571
202572572
202572573
202572574
202572575
202572576
202572577
202572578
202572579
202572580
202572581
202572582
202572583
202572584
202572586
202572587
202572588
202572589
202572590
202572591
202572592
202572593
202572594
202572595
202572596
202572597
202572598
20261
202610
202610000
202610001
202610002
202610004
202610006
202610007
202610008
202610010
202610011
202610013
202610017
202610018
202610019
202610020
202610021
202610022
202610023
202610024
202610025
202610026
202610027
202610028
202610031
202610032
202610033
202610034
202610035
202610036
202610037
202610038
202610039
202610040
202610041
202610042
202610043
202610044
202610045
202610046
202610047
202610048
202610050
202610052
202610053
202610054
202610055
202610056
202610058
202610059
202610060
202610062
202610063
202610065
202610067
202610068
202610069
202610070
202610071
202610072
202610073
202610074
202610076
202610077
202610078
202610080
202610082
202610083
202610084
202610085
202610086
202610087
202610089
202610091
202610092
202610093
202610094
202610096
202610099
202610104
202610105
202610106
202610107
202610108
202610110
202610111
202610112
202610114
202610115
202610116
202610118
202610119
202610121
202610122
202610123
202610125
202610126
202610127
202610128
202610129
202610132
202610134
202610135
202610136
202610137
202610138
202610139
202610140
202610141
202610142
202610143
202610144
202610145
202610146
202610147
202610148
202610149
202610150
202610151
202610152
202610153
202610154
202610155
202610156
202610157
202610158
202610160
202610162
202610163
202610164
202610165
202610167
202610168
202610169
202610170
202610192
202610193
202610194
202610195
202610196
202610197
202610198
202610199
202610200
202610201
202610202
202610203
202610204
202610205
202610206
202610207
202610574
202610577
202610578
202610579
202610580
202610581
202610583
202610584
202610585
202610586
202610588
202610589
202610590
202610591
202610592
202610593
202610594
202610595
202610596
202610598
2026106
202610600
202610601
202610602
202610603
202610604
202610605
202610606
202610607
202610609
202610610
202610611
202610612
202610613
202610614
202610615
202610616
202610618
202610619
202610621
202610623
202610624
202610626
202610627
202610628
202610629
202610630
202610631
202610632
202610633
202610634
202610636
202610637
202610638
202610639
202610640
202610643
202610644
202610645
202610646
202610647
202610649
202610651
202610652
202610653
202610655
202610656
202610657
202610658
202610661
202610662
202610663
202610664
202610665
202610666
202610667
202610669
202610671
202610672
202610674
202610675
202610676
202610677
202610678
202610679
202610680
202610681
202610682
202610684
202610685
202610686
202610688
202610689
202610690
202610691
202610692
202610693
202610694
202610695
202610696
202610697
202610698
202610699
2026107
202610700
202610701
202610702
202610705
202610706
202610707
202610708
202610709
202610710
202610711
202610712
202610713
202610714
202610715
202610716
202610717
202610718
202610720
202610721
202610722
202610723
202610724
202610726
202610727
202610728
202610729
202610730
202610731
202610732
202610733
202610734
202610735
202610736
202610737
202610738
202610739
202610740
202610741
202610742
202610743
202610744
202610745
202610746
202610748
202610749
202610750
202610751
202610752
202610753
202610754
202610755
202610757
202610758
202610759
202610760
202610761
202610762
202610763
202610764
202610765
202610766
202610767
202610768
202610769
202610772
202610773
202610774
202610775
202610776
202610778
202610779
202610780
202610781
202610782
202610783
202610784
202610785
202610787
202610788
202610789
202610790
202610791
202610792
202610793
202610795
202610796
202610797
202610798
202610799
2026108
202610800
202610801
202610802
202610803
202610804
202610805
202610807
202610808
202610809
202610812
202610813
202610815
202610816
202610817
202610818
202610819
202610821
202610822
202610823
202610825
202610826
202610827
202610828
202610830
202610831
202610832
202610835
202610836
202610837
202610838
202610839
202610840
202610841
202610842
202610843
202610845
202610846
202610847
202610848
202610849
202610850
202610851
202610852
202610853
202610855
202610856
202610857
202610858
202610859
202610860
202610862
202610863
202610864
202610869
202610870
202610871
202610873
202610874
202610875
202610876
202610877
202610878
202610879
202610880
202610881
202610882
202610883
202610884
202610885
202610886
202610887
202610888
202610889
202610890
202610891
202610892
202610893
202610895
202610896
202610897
202610898
202610899
202610900
202610901
202610902
202610904
202610905
202610906
202610907
202610908
202610909
202610910
202610912
202610913
202610915
202610916
202610918
202610919
202610921
202610922
202610923
202610924
202610926
202610927
202610928
202610929
202610930
202610931
202610932
202610933
202610934
202610935
202610936
202610937
202610938
202610939
202610940
202610942
202610943
202610944
202610945
202610946
202610947
202610948
202610950
202610951
202610953
202610954
202610955
202610956
202610957
202610958
202610959
202610960
202610961
202610962
202610963
202610965
202610966
202610968
202610970
202610971
202610972
202610973
202610974
202610975
202610976
202610977
202610978
202610979
202610980
202610981
202610984
202610985
202610986
202610987
202610988
202610990
202610991
202610992
202610993
202610994
202610996
202610997
202610998
202610999
202611
202611001
202611003
202611004
202611006
202611007
202611008
202611009
202611010
202611011
202611012
202611013
202611014
202611015
202611016
202611017
202611018
202611019
202611021
202611023
202611025
202611026
202611027
202611028
202611029
202611030
202611031
202611032
202611033
202611034
202611036
202611037
202611038
202611039
202611040
202611041
202611042
202611043
202611044
202611045
202611046
202611047
202611048
202611049
202611050
202611051
202611052
202611053
202611054
202611055
202611056
202611057
202611058
202611059
202611060
202611061
202611062
202611063
202611064
202611065
202611066
202611067
202611068
202611069
202611070
202611071
202611072
202611073
202611074
202611075
202611076
202611077
202611078
202611079
202611080
202611081
202611082
202611083
202611084
202611085
202611087
202611088
202611089
202611090
202611092
202611093
202611094
2026112
202611225
202611226
202611227
202611230
202611233
202611235
202611236
202611237
202611238
202611239
202611240
202611241
202611242
202611243
202611244
202611245
202611247
202611248
202611249
202611250
202611252
202611254
202611255
202611256
202611257
202611258
202611259
202611260
202611261
202611263
202611264
202611265
202611266
202611267
202611268
202611269
202611271
202611272
202611273
202611274
202611275
202611278
202611279
202611280
202611281
202611282
202611283
202611284
202611286
202611287
202611288
202611289
202611290
202611291
202611293
202611294
202611295
202611296
202611297
202611299
202611300
202611301
202611302
202611304
202611306
202611307
202611308
202611309
202611310
202611311
202611312
202611313
202611314
202611315
202611317
202611319
202611322
202611323
202611324
202611325
202611327
202611329
202611330
202611332
202611333
202611335
202611338
202611339
202611340
202611341
202611344
202611346
202611348
202611349
202611351
202611353
202611354
202611355
202611356
202611360
202611361
202611367
202611369
202611370
202611373
202611375
202611376
202611377
202611379
202611383
202611384
202611386
202611387
202611388
202611389
202611390
202611391
202611393
202611394
202611395
202611396
202611397
202611398
202611399
2026114
202611400
202611401
202611402
202611403
202611404
202611405
202611408
202611409
202611410
202611411
202611412
202611415
202611416
202611417
202611418
202611419
202611420
202611421
202611423
202611425
202611428
202611430
202611431
202611432
202611433
202611434
202611435
202611436
202611438
202611439
202611440
202611441
202611443
202611444
202611447
202611451
202611453
202611454
202611455
202611456
202611457
202611458
202611459
202611460
202611461
202611462
202611466
202611469
202611471
202611473
202611474
202611476
202611477
202611479
202611480
202611481
202611482
202611483
202611484
202611486
202611488
202611490
202611491
202611492
202611493
202611495
202611496
202611498
202611500
202611501
202611502
202611508
202611515
202611516
202611517
202611519
202611520
202611525
202611526
202611527
202611528
202611529
202611530
202611532
202611535
202611536
202611537
202611544
202611547
202611552
202611556
202611557
202611559
202611561
202611564
202611567
202611568
202611576
202611579
202611580
202611583
202611584
202611588
202611597
2026116
202611600
202611601
202611602
202611603
202611608
202611613
202611616
202611618
202611621
202611622
202611626
202611627
202611629
202611630
202611631
202611632
202611633
202611634
202611635
202611642
202611656
202611658
202611662
202611674
202611677
202611679
202611684
202611685
202611691
202611698
2026117
202611706
202611707
202611708
202611729
202611733
202611734
202611737
202611739
202611740
202611741
202611744
202611745
202611746
202611749
202611750
202611751
202611752
202611753
202611754
202611755
202611756
202611764
202611766
202611767
202611770
202611773
202611784
202611790
202611792
202611795
202611799
2026118
202611800
202611801
202611802
202611803
202611807
202611810
202611812
202611813
202611814
202611816
202611823
202611824
202611860
202611867
202611868
202611870
202611871
202611872
202611876
202611887
202611888
202611890
202611891
202611892
2026119
2026120
202612037
202612038
202612040
202612041
202612042
202612043
202612044
202612045
202612047
202612049
202612050
202612051
202612052
202612053
202612055
202612056
202612057
202612059
202612060
202612061
202612062
202612063
202612064
202612065
202612066
202612067
202612068
202612069
202612070
202612071
202612074
202612076
202612077
202612078
202612079
202612080
202612082
202612083
202612084
202612085
202612086
202612087
202612088
202612089
202612090
202612091
202612092
202612093
202612094
202612095
202612096
202612097
202612098
202612099
202612100
202612101
202612102
202612103
202612104
202612105
202612106
202612107
202612108
202612109
202612112
202612113
202612114
202612116
202612117
202612118
202612119
202612120
202612121
202612122
202612123
202612124
202612128
202612129
202612130
202612131
202612132
202612133
202612134
202612135
202612136
202612137
202612138
202612139
202612141
202612142
202612143
202612144
202612145
202612146
202612147
202612149
202612150
202612151
202612152
202612153
202612154
202612155
202612156
202612157
202612158
202612159
202612160
202612161
202612162
202612163
202612165
202612166
202612167
202612168
202612169
202612170
202612171
202612172
202612173
202612174
202612178
202612180
202612181
202612182
202612184
202612186
202612187
202612190
202612191
202612192
202612193
202612194
202612195
202612197
202612198
202612199
202612200
202612201
202612202
202612203
202612204
202612205
202612206
202612207
202612208
202612209
202612211
202612212
202612213
202612214
202612215
202612216
202612217
202612218
202612219
202612220
202612221
202612222
202612223
202612224
202612225
202612226
202612227
202612228
202612229
202612230
202612232
202612233
202612234
202612235
202612236
202612237
202612238
202612239
20261224
202612241
202612243
202612245
202612246
202612247
20261225
202612250
202612251
202612253
202612256
202612257
202612259
20261226
202612260
202612261
202612262
202612263
202612265
202612266
202612269
20261227
202612271
202612272
202612277
20261228
202612283
202612289
20261229
202612290
20261230
202612306
202612308
20261231
202612315
20261232
202612322
202612323
202612328
20261233
202612331
202612337
20261234
202612340
202612349
20261235
202612358
20261236
202612364
202612365
202612368
20261237
202612374
202612377
202612379
20261238
202612381
202612383
202612384
202612388
202612389
20261239
202612393
202612394
202612397
20261240
202612402
20261241
202612411
202612412
202612415
202612417
202612418
20261242
202612420
202612421
202612423
202612424
202612425
202612426
202612427
202612428
202612429
20261243
202612430
202612431
202612433
202612434
202612435
202612436
202612437
202612438
202612439
20261244
202612440
202612441
202612442
202612443
202612444
202612445
202612446
202612447
202612448
202612449
20261245
202612450
202612451
202612452
202612453
202612455
202612456
202612457
202612458
202612459
20261246
202612460
202612461
202612462
202612463
202612464
202612465
202612466
202612467
202612468
202612469
20261247
202612470
202612471
202612472
202612473
202612474
202612475
202612477
202612478
20261248
202612480
202612481
202612482
202612483
202612484
202612485
202612486
202612487
202612489
20261249
202612490
202612491
202612492
202612493
202612494
202612495
202612496
202612497
202612498
202612499
2026125
20261250
202612500
202612501
202612502
202612503
202612504
202612505
202612506
202612507
202612508
202612509
20261251
202612510
202612511
202612512
202612513
202612514
202612515
202612516
202612517
202612518
202612519
20261252
202612520
202612521
202612522
202612523
202612524
202612525
202612526
202612527
202612528
202612529
20261253
202612530
202612531
202612533
202612534
202612535
202612536
202612537
202612538
202612539
20261254
202612540
202612541
202612542
202612543
202612544
202612547
202612549
20261255
202612550
202612551
202612552
202612555
202612556
202612557
202612558
202612559
20261256
202612560
202612561
202612562
202612564
202612565
202612566
202612567
202612568
20261257
202612570
202612571
202612572
202612573
202612574
202612576
202612577
202612578
202612579
20261258
202612580
202612581
202612582
202612583
202612584
202612587
202612588
202612589
20261259
202612590
202612591
202612592
202612594
202612595
202612596
202612597
202612598
202612599
2026126
20261260
202612600
202612601
202612602
202612603
202612604
202612605
202612606
202612607
202612608
202612609
202612610
202612611
202612612
202612613
202612614
202612615
202612616
20261262
202612620
202612621
202612622
202612624
202612626
202612627
20261263
202612630
202612632
202612633
202612634
202612636
202612637
202612641
202612642
202612643
202612645
202612646
202612647
202612648
20261265
202612650
202612651
202612654
202612655
202612656
202612657
202612658
202612659
202612660
202612663
202612664
202612665
202612667
202612668
202612669
20261267
202612670
202612671
202612674
202612675
202612676
202612677
202612679
202612681
202612682
202612684
202612689
20261269
202612690
202612691
202612692
202612694
202612695
202612696
202612698
20261270
202612700
202612701
202612703
202612705
202612706
202612707
202612709
20261271
202612710
202612711
202612712
202612713
202612715
202612716
202612718
20261272
202612720
202612723
202612724
202612725
202612726
202612727
202612728
202612729
20261273
202612730
202612731
202612732
202612733
202612734
202612736
202612738
202612739
20261274
202612740
202612743
202612744
202612747
202612748
202612749
202612750
202612752
202612753
202612754
202612755
202612756
202612757
202612758
202612759
20261276
202612760
202612761
202612764
202612765
202612766
202612767
202612769
20261277
202612770
202612771
202612772
202612773
202612776
202612777
202612778
202612779
20261278
202612780
202612784
202612785
202612788
202612789
20261279
202612790
202612791
202612792
202612793
202612794
202612797
202612798
202612799
20261280
202612801
202612802
202612804
202612805
202612806
202612807
202612808
202612809
20261281
202612810
202612812
202612813
202612814
202612815
202612818
202612819
20261282
202612820
202612823
202612824
202612826
202612827
202612828
202612829
20261283
202612830
202612832
202612833
202612835
202612837
202612838
202612839
20261284
202612840
202612841
202612842
202612843
202612844
202612845
202612846
202612847
202612848
202612849
20261285
202612850
202612851
202612856
202612857
202612858
20261286
202612860
202612861
202612862
202612863
202612864
202612865
202612866
202612867
202612868
202612869
20261287
202612870
202612871
202612872
202612873
202612874
202612875
202612876
202612877
202612878
202612879
20261288
202612880
202612881
202612882
202612883
202612884
202612886
202612888
202612889
202612890
202612891
202612894
202612895
202612896
202612897
202612898
202612899
2026129
20261290
202612900
202612901
202612902
202612903
202612904
202612905
202612906
202612907
202612908
202612909
20261291
202612910
202612913
202612914
202612915
202612916
202612917
202612919
20261292
202612920
202612921
202612924
202612925
202612926
202612927
202612928
202612929
202612930
202612931
202612932
202612933
202612934
202612935
202612936
202612937
202612938
20261294
202612940
202612941
202612942
202612945
202612946
202612947
202612949
20261295
202612950
202612951
202612955
202612957
202612958
202612959
20261296
202612960
202612961
202612962
202612963
202612964
20261297
202612971
202612972
202612973
202612974
202612975
202612976
202612977
202612978
202612979
20261298
202612980
202612981
202612982
202612983
202612984
202612986
20261299
202613
2026130
20261300
20261301
20261302
20261303
20261304
20261305
20261306
20261307
202613079
20261308
202613080
202613081
202613082
202613083
202613084
202613085
202613086
202613087
202613088
20261309
202613090
202613091
202613092
202613094
202613095
202613097
202613098
202613099
2026131
20261310
202613100
202613101
202613102
202613103
202613104
202613105
202613106
202613107
202613108
202613109
20261311
202613110
202613111
202613112
202613113
202613114
202613115
202613116
202613117
202613118
202613119
20261312
202613120
202613121
202613122
202613124
202613125
202613127
202613128
202613129
20261313
202613130
202613131
202613132
202613133
202613134
202613135
202613136
202613137
202613138
202613139
20261314
202613140
202613143
202613144
202613146
202613147
202613148
202613149
20261315
202613150
202613151
202613152
202613153
202613154
202613156
202613157
202613158
202613159
20261316
202613160
202613162
202613163
20261317
20261318
20261319
20261320
20261321
20261324
20261325
20261326
20261327
20261328
20261329
20261330
20261332
20261333
20261335
20261336
20261338
20261339
2026134
20261340
20261341
20261342
20261343
20261345
20261346
20261347
202613474
202613475
202613476
202613477
202613478
202613479
20261348
202613480
202613481
202613482
202613483
202613484
202613485
202613486
202613487
202613489
20261349
202613490
202613491
202613493
202613496
202613498
202613499
20261350
202613500
202613501
202613504
202613505
202613506
202613507
202613509
20261351
202613510
202613511
202613513
202613514
202613515
202613516
202613517
20261352
202613521
202613522
202613523
202613525
202613526
202613529
20261353
202613531
202613532
202613534
202613535
202613536
202613537
202613538
202613539
202613540
202613542
202613543
202613544
202613545
202613549
20261355
202613550
202613551
202613553
202613554
202613557
202613559
20261356
202613560
202613561
202613563
202613564
202613565
202613566
202613567
202613568
202613569
20261357
202613570
202613571
202613572
202613573
202613574
202613575
202613576
202613577
202613578
202613579
20261358
202613580
202613581
202613582
202613583
202613584
202613585
202613586
202613587
202613588
202613589
202613590
202613591
202613592
202613593
202613594
202613595
202613596
202613597
202613598
202613599
2026136
20261360
202613600
202613601
202613602
202613603
202613604
202613605
202613606
202613607
202613608
202613609
20261361
202613610
202613611
202613612
202613613
202613614
202613615
202613616
202613617
202613618
202613619
20261362
202613620
202613621
202613622
202613623
202613624
202613625
202613626
202613627
202613628
202613629
20261363
202613630
202613631
202613632
202613633
202613634
202613635
202613636
202613637
202613638
202613639
20261364
202613640
202613641
202613642
202613643
202613644
202613645
202613646
202613647
202613648
202613649
20261365
202613650
202613651
202613652
202613653
202613654
202613655
202613656
202613657
202613658
202613659
20261366
202613660
202613661
202613662
202613663
202613664
202613665
202613666
202613667
202613668
202613669
20261367
202613670
202613671
202613672
202613673
202613674
202613675
202613676
202613677
202613678
202613679
20261368
202613680
202613681
202613682
202613683
202613684
202613685
202613686
202613687
202613688
202613689
20261369
202613690
202613691
202613692
202613693
202613694
202613695
202613696
202613697
202613698
202613699
2026137
20261370
202613700
202613701
202613702
202613703
202613704
202613706
202613707
202613708
202613709
20261371
202613710
202613711
202613712
202613713
202613714
202613715
202613716
202613717
202613718
20261372
202613720
202613721
202613722
202613723
202613724
202613725
202613726
202613727
202613728
202613729
20261373
202613730
202613731
202613732
202613733
202613734
202613735
202613736
202613737
202613738
202613739
20261374
202613740
202613741
202613742
202613743
202613745
202613746
202613747
202613748
202613749
20261375
202613750
202613751
202613752
202613753
202613754
202613755
202613756
202613757
202613758
202613759
20261376
202613760
202613761
202613762
202613763
202613764
202613765
202613766
202613767
202613768
202613769
20261377
202613770
202613771
202613772
202613773
202613774
202613775
202613776
202613777
202613778
202613779
20261378
202613780
202613781
202613782
202613783
202613784
202613785
202613786
202613787
202613788
20261379
202613790
202613791
202613792
202613793
202613794
202613795
202613796
202613798
202613799
20261380
202613801
202613802
202613803
202613804
202613805
202613806
202613807
202613808
202613809
20261381
202613810
202613811
202613812
202613813
202613814
202613815
202613816
202613817
202613818
202613819
202613820
202613821
202613822
202613823
202613824
202613825
202613826
202613827
202613828
202613829
20261383
202613830
202613831
202613833
202613834
202613835
202613836
202613837
202613838
202613839
20261384
202613840
202613841
202613842
202613843
202613844
202613846
202613847
202613848
202613849
20261385
202613850
202613851
202613852
202613853
202613854
202613855
202613856
202613857
202613858
202613859
20261386
202613860
202613861
202613862
202613863
202613865
202613866
202613867
202613869
20261387
202613870
202613871
202613872
202613873
202613874
202613875
202613876
202613877
202613878
202613879
202613880
202613881
202613882
202613883
202613884
202613885
202613886
202613888
202613890
202613891
202613895
202613896
202613898
202613899
2026139
202613900
202613901
202613902
202613903
202613904
202613905
202613906
202613908
20261391
202613910
202613912
202613913
202613914
202613915
202613918
20261392
202613920
202613921
202613922
202613923
202613926
202613928
202613929
20261393
202613930
202613931
202613933
202613936
202613937
202613938
202613939
20261394
202613940
202613941
202613942
202613943
202613945
202613946
202613947
202613948
20261395
202613950
202613953
202613955
202613956
202613957
202613959
20261396
202613961
202613964
202613967
202613969
20261397
202613970
202613972
202613974
202613975
202613976
202613977
202613978
202613979
20261398
202613981
202613982
202613983
202613984
202613986
202613987
202613988
202613989
20261399
202613990
202613991
202613992
202613993
202613994
202613996
202613998
202613999
202614
2026140
20261400
202614000
202614001
202614003
202614004
202614005
202614006
202614007
202614008
202614009
20261401
202614010
202614011
202614012
202614013
202614014
202614015
202614016
202614017
202614018
202614019
20261402
202614020
202614021
202614022
202614023
202614024
202614025
202614026
202614027
202614028
202614029
20261403
202614030
202614031
202614032
202614033
202614034
202614035
202614036
202614037
202614038
202614039
202614040
202614041
202614042
202614043
202614044
202614045
202614046
202614047
202614048
202614049
202614050
202614051
202614052
202614053
202614054
202614055
202614056
202614057
202614058
202614059
202614060
202614061
202614062
202614063
202614064
202614065
202614066
202614067
202614068
202614069
202614070
202614071
202614072
202614073
202614074
202614075
202614076
202614077
202614078
202614079
202614080
202614081
202614082
202614083
202614084
202614085
202614086
202614087
202614088
202614089
202614090
202614091
202614092
202614093
202614094
202614095
202614096
202614097
202614098
202614099
202614100
202614101
202614102
202614103
202614104
202614105
202614106
202614107
202614108
202614109
202614110
202614111
202614112
202614113
202614114
202614115
202614116
202614117
202614118
202614119
202614120
202614121
202614122
202614123
202614124
202614125
202614126
202614127
202614128
202614129
202614130
202614131
202614132
202614133
202614136
202614137
202614139
202614140
202614141
202614142
202614143
202614144
202614145
202614146
202614147
202614148
202614149
202614150
202614151
202614153
202614154
202614155
202614156
202614157
202614158
202614159
202614160
202614161
202614163
202614164
202614165
202614166
202614167
202614168
202614169
202614170
202614171
202614173
202614175
202614177
202614178
202614179
202614181
202614182
202614183
202614184
202614186
202614190
202614192
202614193
202614194
202614195
202614196
202614197
202614198
202614199
202614200
202614201
202614202
202614203
202614204
202614205
202614206
202614207
202614208
202614209
202614210
202614212
202614213
202614214
202614215
202614216
202614217
202614218
202614219
202614220
202614222
202614223
202614224
202614225
202614226
202614227
202614228
202614229
202614230
202614231
202614232
202614233
202614234
202614235
202614236
202614237
202614238
202614239
202614240
202614241
202614243
202614244
202614245
202614246
202614247
202614248
202614249
202614250
202614254
202614255
202614256
202614257
202614258
202614260
202614261
202614262
202614264
202614266
202614267
202614268
202614272
202614273
202614275
202614276
202614278
202614279
202614281
202614282
202614283
202614284
202614285
202614286
202614287
202614288
20261429
202614290
202614291
202614292
202614293
202614294
202614295
202614296
202614297
202614298
202614299
20261430
202614300
202614301
202614303
202614304
202614307
202614308
202614309
20261431
202614310
202614311
202614312
202614313
202614314
202614315
202614317
202614319
20261432
202614320
202614322
202614324
202614326
202614327
202614328
202614329
20261433
202614330
202614331
202614332
202614333
202614334
202614335
202614336
202614337
202614338
202614339
202614340
202614346
202614347
202614348
202614354
202614355
202614356
202614357
202614358
202614359
202614360
202614361
202614362
202614363
202614364
202614365
202614366
202614369
202614372
202614373
202614375
202614378
202614379
202614382
202614383
202614384
202614385
202614386
202614387
202614388
202614389
202614391
202614392
202614393
202614394
202614395
202614396
202614397
202614399
202614400
202614402
202614403
202614404
202614405
202614406
202614407
202614411
202614412
202614413
202614414
202614415
202614416
202614417
202614418
202614419
202614420
202614421
202614422
202614423
202614424
202614425
202614426
202614427
202614428
202614430
202614431
202614432
202614433
202614436
202614440
202614441
202614442
202614443
202614444
202614445
202614448
202614449
202614450
202614453
202614454
202614456
202614458
202614459
202614460
202614461
202614462
202614463
202614464
202614466
202614467
202614468
202614469
202614470
202614471
202614472
202614473
202614474
202614476
202614477
202614478
202614479
202614481
202614482
202614483
202614484
202614485
202614486
202614488
202614489
202614490
202614491
202614492
202614493
202614494
202614497
202614498
202614499
202614500
202614501
202614502
202614503
202614504
202614506
202614507
202614508
202614509
202614510
202614511
202614512
202614513
202614514
202614515
202614518
202614519
202614521
202614522
202614523
202614524
202614525
202614526
202614527
202614528
202614529
202614530
202614531
202614532
202614533
202614535
202614537
202614538
202614539
202614540
202614542
202614543
202614544
202614549
202614550
202614551
202614554
202614555
202614557
202614559
202614561
202614562
202614563
202614564
202614565
202614566
202614567
202614568
202614569
202614571
202614572
202614573
202614574
202614575
202614576
202614577
202614578
202614579
202614580
202614581
202614582
202614583
202614584
202614585
202614587
202614588
202614589
202614590
202614591
202614592
202614593
202614594
202614595
202614596
202614597
202614598
202614599
202614600
202614601
202614603
202614604
202614605
202614606
202614607
202614608
202614609
202614611
202614612
202614613
202614614
202614617
202614618
202614623
202614624
202614625
202614626
202614627
202614629
202614630
202614631
202614633
202614634
202614635
202614636
202614637
202614638
202614639
202614640
202614641
202614642
202614644
202614645
202614646
202614647
202614651
202614652
202614653
202614655
202614657
202614658
202614659
202614660
202614662
202614663
202614664
202614666
202614668
202614671
202614673
202614674
202614675
202614677
202614678
202614679
202614680
202614681
202614682
202614684
202614685
202614686
202614687
202614688
202614689
202614690
202614691
202614692
202614693
202614694
202614696
202614697
202614698
202614699
202614700
202614701
202614702
202614703
202614704
202614705
202614706
202614707
202614709
202614710
202614711
202614713
202614714
202614715
202614716
202614717
202614718
202614719
202614720
202614721
202614722
202614724
202614725
202614728
202614729
202614730
202614731
202614733
202614734
202614735
202614736
202614737
202614738
202614739
202614740
202614741
202614742
202614744
202614745
202614746
202614747
202614748
202614749
202614750
202614751
202614752
202614753
202614754
202614755
202614756
202614757
202614758
202614760
202614761
202614762
202614763
202614764
202614765
202614767
202614769
202614771
202614772
202614773
202614774
202614775
202614778
202614779
202614780
202614799
2026148
202614800
202614801
202614803
202614804
202614805
202614806
202614807
202614808
202614810
202614811
202614812
202614813
202614814
202614816
202614817
202614818
202614819
202614820
202614821
202614822
202614823
202614824
202614825
202614826
202614827
202614829
202614831
202614832
202614833
202614834
202614835
202614836
202614838
202614839
202614840
202614841
202614842
202614843
202614845
202614846
202614847
202614848
202614849
202614850
202614851
202614853
202614855
202614856
202614857
202614858
202614859
202614860
202614861
202614863
202614864
202614865
202614866
202614867
202614868
202614870
202614871
202614872
202614873
202614874
202614875
202614877
202614878
202614879
202614880
202614881
202614882
202614883
202614885
202614886
202614887
202614888
202614891
202614893
202614894
202614895
202614896
202615
2026150
202615104
202615105
202615106
202615107
202615108
202615109
202615110
202615112
202615113
202615114
202615115
202615117
202615118
202615120
202615121
202615122
202615124
202615125
202615126
202615127
202615129
202615130
202615131
202615132
202615133
202615135
202615136
202615138
202615139
202615140
202615141
202615142
202615143
202615144
202615146
202615147
202615150
202615153
202615154
202615155
202615156
202615158
202615159
202615160
202615161
202615162
202615163
202615165
202615167
202615168
202615169
202615170
202615171
202615172
202615173
202615174
202615175
202615176
202615179
202615181
202615183
202615184
202615185
202615186
202615189
202615190
202615191
202615192
202615193
202615194
202615195
202615196
202615197
202615198
202615199
2026152
202615200
202615201
202615202
202615203
202615204
202615205
202615206
202615208
202615209
202615210
202615214
202615217
202615218
202615219
202615221
202615222
202615223
202615224
202615225
202615226
202615228
202615229
202615230
202615232
202615233
202615234
202615236
202615237
202615238
202615239
202615240
202615241
202615242
202615243
202615244
202615245
202615247
202615248
202615249
202615250
202615253
202615254
202615256
202615257
202615258
202615259
202615260
202615262
202615264
202615266
202615267
202615268
202615269
202615270
202615271
202615273
202615274
202615276
202615278
202615279
202615280
202615281
202615282
202615283
202615285
202615288
202615289
202615290
202615291
202615295
202615296
202615297
202615298
202615299
2026153
202615300
202615302
202615303
202615304
202615306
202615307
202615308
202615309
202615310
202615313
202615314
202615315
202615317
202615318
202615319
20261532
202615321
202615322
202615323
202615324
202615325
202615326
202615327
202615328
202615329
20261533
202615330
202615331
202615332
202615333
202615336
202615337
202615338
20261534
202615340
202615341
202615342
202615344
202615345
202615346
202615347
20261535
202615350
202615352
202615353
202615354
202615355
202615356
202615358
202615359
20261536
202615361
202615364
202615365
202615366
202615368
202615369
20261537
202615370
202615371
202615372
202615373
202615376
202615377
202615378
202615379
20261538
202615381
202615382
202615383
202615384
202615385
202615386
202615387
202615388
202615389
202615390
202615391
202615392
202615393
202615394
202615395
202615396
202615397
202615398
202615399
202615401
202615402
202615403
202615404
202615406
202615407
202615408
202615409
202615411
202615412
202615414
202615415
202615416
202615418
202615419
202615421
202615422
202615423
202615425
202615426
202615427
202615428
202615429
202615430
202615432
202615433
202615434
202615435
202615438
202615439
202615441
202615444
202615445
202615446
202615447
202615448
202615449
202615450
202615453
202615454
202615455
202615457
202615458
202615459
202615460
202615461
202615463
202615464
202615465
202615466
202615467
202615469
202615471
202615472
202615473
202615474
202615475
202615476
202615477
202615478
202615480
202615483
202615486
202615487
202615488
202615490
202615491
202615492
202615493
202615496
202615497
202615498
202615499
202615500
202615501
202615502
202615503
202615505
202615506
202615507
202615508
202615509
202615512
202615513
202615515
202615516
202615517
202615518
202615519
202615520
202615522
202615524
202615525
202615527
202615528
202615529
202615530
202615531
202615532
202615533
202615534
202615535
202615536
202615537
202615539
202615540
202615541
202615542
202615543
202615544
202615545
202615546
202615548
202615549
202615550
202615551
202615552
202615553
202615554
202615555
202615556
202615557
202615558
202615559
202615560
202615561
202615562
202615563
202615564
202615565
202615566
202615567
202615568
202615569
202615570
202615571
202615572
202615573
202615574
202615575
202615576
202615577
202615578
202615579
202615580
202615581
202615582
202615583
202615584
202615585
202615586
202615587
202615588
202615589
202615590
202615591
202615592
202615593
202615595
202615596
202615597
202615598
202615599
2026156
202615600
202615601
202615602
202615603
202615604
202615605
202615606
202615607
202615608
202615609
202615610
202615611
202615612
202615613
202615615
202615616
202615617
202615618
202615619
202615620
202615621
202615622
202615623
202615624
202615625
202615626
202615627
202615628
202615629
202615630
202615631
202615633
202615634
202615635
202615636
202615637
202615638
202615639
202615640
202615641
202615642
202615643
202615644
202615645
202615646
202615647
202615648
202615649
202615650
202615651
202615652
202615653
202615654
202615655
202615656
202615657
202615658
202615659
202615660
202615661
202615664
202615665
202615666
202615667
202615668
202615669
202615670
202615671
202615672
202615673
202615674
202615676
202615677
202615679
202615680
202615681
202615682
202615683
202615684
202615685
202615686
202615687
202615689
202615690
202615691
202615692
202615693
202615694
202615695
202615696
202615697
202615698
202615699
202615700
202615701
202615702
202615703
202615704
202615705
202615706
202615707
202615708
202615709
202615710
202615712
202615713
202615714
202615715
202615716
202615717
202615718
202615719
202615720
202615721
202615722
202615723
202615725
202615726
202615728
202615729
202615732
202615733
202615734
202615735
202615736
202615737
202615739
202615740
202615741
202615742
202615743
202615745
202615746
202615747
202615748
202615749
202615750
202615752
202615753
202615754
202615755
202615756
202615757
202615758
202615759
202615760
202615761
202615762
202615763
202615764
202615765
202615766
202615767
202615769
202615771
202615772
202615773
202615774
202615775
202615776
202615777
202615779
202615780
202615782
202615783
202615784
202615785
202615786
202615787
202615788
202615789
202615790
202615791
202615792
202615793
202615794
202615795
202615796
202615797
202615799
202615800
202615801
202615802
202615803
202615805
202615806
202615807
202615808
202615809
202615811
202615812
202615813
202615814
202615815
202615816
202615817
202615818
202615819
202615820
202615821
202615822
202615824
202615825
202615826
202615828
202615830
202615831
202615832
202615834
202615835
202615838
202615839
202615841
202615842
202615843
202615844
202615845
202615846
202615847
202615848
202615850
202615851
202615852
202615853
202615854
202615856
202615857
202615858
202615859
202615860
202615861
202615862
202615863
202615864
202615865
202615866
202615867
202615868
202615869
202615870
202615871
202615872
202615873
202615874
202615875
202615876
202615877
202615878
202615880
202615881
202615883
202615884
202615885
202615886
202615888
202615889
202615890
202615891
202615892
202615893
202615894
202615895
202615896
202615897
202615899
202615900
202615901
202615902
202615903
202615904
202615905
202615906
202615907
202615908
202615909
202615910
202615911
202615912
202615913
202615914
202615915
202615916
202615917
202615918
202615919
202615920
202615921
202615922
202615923
202615924
202615925
202615926
202615927
202615928
202615929
202615930
202615932
202615933
202615934
202615936
202615937
202615938
202615939
202615940
202615941
202615942
202615943
202615944
202615946
202615947
202615948
202615950
202615951
202615953
202615954
202615956
202615957
202615958
202615959
202615962
202615963
202615964
202615969
202615970
202615973
202615974
202615975
202615976
202615977
202615978
202615979
202615980
202615981
202615982
202615983
202615984
202615986
202615988
202615991
202615992
202615994
202615996
202615997
202615998
202615999
202616
202616002
202616004
202616005
202616006
202616008
202616009
202616010
202616011
202616012
202616013
202616016
202616017
202616018
202616019
202616020
202616021
202616023
202616026
202616027
202616028
202616029
202616030
202616031
202616032
202616033
202616034
202616035
202616036
202616040
202616041
2026161
2026163
2026164
202616578
202616579
202616580
202616581
202616582
202616583
202616584
202616585
202616586
202616587
202616589
202616590
202616591
202616592
202616593
202616594
202616596
202616598
2026166
202616602
202616605
202616606
202616607
202616608
202616611
202616612
202616613
202616614
202616615
202616616
202616617
202616619
202616620
202616622
202616623
202616624
202616625
202616626
202616627
202616628
202616630
202616631
202616633
202616634
202616635
202616636
202616637
202616639
202616640
202616641
202616644
202616645
202616646
202616647
202616648
202616649
202616650
202616651
202616652
202616653
202616654
202616655
202616656
202616657
202616658
202616659
202616660
202616661
202616760
202616762
202616763
202616764
202616766
202616767
2026168
2026169
202617
2026170
202617061
202617062
202617063
202617064
202617065
202617066
202617067
202617068
202617069
202617072
202617074
202617075
202617076
202617077
202617078
202617079
202617080
202617081
202617082
202617083
202617084
202617085
202617086
202617087
202617089
202617090
202617091
202617092
202617093
202617094
202617095
202617096
202617097
202617098
202617099
2026171
202617100
202617102
202617103
202617104
202617105
202617106
202617107
202617108
202617109
202617110
202617111
202617112
202617113
202617114
202617115
202617117
202617118
202617119
202617120
202617121
202617122
202617123
202617125
202617126
202617127
202617129
202617131
202617134
202617135
202617136
202617137
202617138
202617139
202617140
202617141
202617142
202617143
202617145
202617146
202617147
202617148
202617149
202617150
202617151
202617152
202617153
202617154
202617155
202617156
202617157
202617158
202617159
202617160
202617161
202617162
202617164
202617165
202617166
202617167
202617168
202617169
202617170
202617171
202617172
202617173
202617174
202617175
202617176
202617177
202617179
202617180
202617181
202617182
202617183
202617184
202617185
202617186
202617187
202617188
202617189
202617190
202617192
202617193
202617194
202617195
202617196
202617198
202617199
2026172
202617200
202617201
202617202
202617203
202617204
202617205
202617206
202617207
202617208
202617209
202617210
202617211
202617213
202617214
202617217
202617218
202617219
202617221
202617222
202617224
202617225
202617226
202617227
202617228
202617232
202617233
202617234
202617235
202617236
202617237
202617239
202617240
202617241
202617242
202617243
202617245
202617247
202617250
202617251
202617252
202617253
202617255
202617257
202617258
202617261
202617262
202617263
202617265
202617267
202617269
202617270
202617272
202617274
202617275
202617276
202617277
202617278
202617279
202617280
202617282
202617283
202617284
202617285
202617287
202617288
202617291
202617292
202617293
202617294
202617295
202617296
202617299
2026173
202617300
202617301
202617302
202617303
202617305
202617306
202617307
202617308
202617310
202617311
202617312
202617313
202617314
202617316
202617317
202617318
202617319
202617320
202617321
202617322
202617323
202617325
202617326
202617330
202617331
202617332
202617334
202617335
202617337
202617338
202617339
202617340
202617341
202617342
202617343
202617344
202617346
202617347
202617348
202617349
20261735
202617350
202617351
202617353
202617354
202617356
202617357
202617358
202617359
20261736
202617360
202617361
202617362
202617363
202617364
202617365
202617366
202617368
202617369
20261737
202617370
202617372
202617374
202617375
202617376
202617377
202617379
20261738
202617380
202617381
202617383
202617385
202617386
202617387
202617388
202617389
20261739
202617390
202617391
202617392
202617393
202617394
202617396
202617397
202617398
20261740
202617400
202617401
202617402
202617403
202617407
202617408
202617409
20261741
202617410
202617411
202617412
202617413
202617414
202617415
202617416
202617417
202617418
202617419
202617420
202617421
202617422
202617423
202617424
202617425
202617426
202617428
202617429
20261743
202617430
202617432
202617434
202617435
202617436
202617437
202617439
20261744
202617440
202617441
202617442
202617443
202617445
202617446
202617447
202617448
202617449
202617450
202617451
202617452
202617453
202617455
202617456
202617457
202617458
202617459
20261746
202617460
202617461
202617462
202617463
202617464
202617465
202617466
202617467
202617468
202617469
20261747
202617470
202617471
202617472
202617473
202617474
202617475
202617476
202617477
202617478
202617479
20261748
202617480
202617481
202617482
202617483
202617484
202617485
202617486
202617488
202617489
20261749
202617490
202617491
202617492
202617493
202617494
202617495
202617496
202617497
202617498
202617499
20261750
202617500
202617501
202617502
202617503
202617504
202617505
202617506
202617507
202617508
202617509
20261751
202617510
202617511
202617512
202617513
202617514
202617515
202617516
202617518
202617519
20261752
202617520
202617521
202617522
202617523
202617524
202617525
202617526
202617527
202617528
20261753
202617530
202617531
202617532
202617533
202617534
202617535
202617536
202617537
202617538
202617539
20261754
202617540
202617541
202617542
202617543
202617545
202617546
202617547
202617548
202617549
20261755
202617550
202617551
202617552
202617553
202617554
202617555
202617556
202617557
202617558
202617559
20261756
202617561
202617562
202617563
202617564
202617565
202617566
202617567
202617568
202617569
20261757
202617570
202617571
202617573
202617574
202617575
202617576
202617577
202617578
202617579
20261758
202617580
202617581
202617583
202617584
202617585
202617586
202617587
202617588
20261759
20261760
20261761
20261762
20261763
20261764
20261765
20261766
20261767
20261768
20261769
2026177
20261770
20261771
20261773
20261774
20261775
20261776
20261777
20261778
20261779
2026178
20261780
20261781
20261782
20261783
202617839
20261784
202617840
202617841
202617842
202617843
202617844
202617845
202617846
202617847
202617848
202617849
20261785
202617850
202617851
202617852
202617853
202617854
202617855
202617856
202617857
202617858
202617859
20261786
202617860
202617861
202617862
202617863
202617864
202617865
202617866
202617867
202617868
20261787
202617870
202617871
202617872
202617873
202617875
202617876
202617877
202617878
202617879
20261788
202617880
202617881
202617882
202617883
202617884
202617885
202617886
202617887
202617888
202617889
20261789
202617890
202617891
202617892
202617893
202617894
202617895
202617896
202617897
202617898
202617899
2026179
20261790
202617900
202617901
202617902
202617903
202617905
202617906
202617907
202617908
202617909
20261791
202617910
202617911
202617912
202617913
202617914
202617915
202617917
202617918
202617919
20261792
202617920
202617921
202617922
202617923
202617924
202617925
202617926
202617929
20261793
202617930
202617932
202617933
202617935
202617938
20261794
202617940
202617941
202617942
202617943
202617944
202617945
202617948
20261795
202617950
202617951
202617952
202617953
202617954
202617955
202617956
202617957
202617958
20261796
202617960
202617961
202617964
202617965
202617966
202617967
202617968
202617969
20261797
202617970
202617971
202617973
202617974
202617976
202617978
20261798
202617980
202617981
202617982
202617985
202617986
202617987
202617988
20261799
202617992
202617993
202617995
202617996
202617997
202617999
202618
20261800
202618000
202618003
202618004
202618006
202618007
202618008
202618009
20261801
202618010
202618011
202618012
202618013
202618015
202618017
202618018
20261802
202618020
202618022
202618023
202618024
202618025
202618026
202618027
20261803
202618030
202618031
202618032
202618033
202618034
202618035
202618036
202618038
20261804
202618040
202618041
202618042
202618043
202618044
202618046
202618048
20261805
202618050
202618051
202618052
202618055
202618056
202618058
202618059
20261806
202618060
202618062
202618063
202618064
202618065
202618066
202618067
202618069
20261807
202618070
202618071
202618072
202618073
202618074
202618077
202618078
202618079
20261808
202618083
202618084
202618086
202618088
202618089
20261809
202618090
202618091
202618093
202618094
202618095
202618096
202618098
2026181
20261810
202618101
202618102
202618103
202618104
202618105
202618106
202618107
202618108
202618109
20261811
202618110
202618112
202618113
202618114
202618116
202618117
202618119
20261812
202618121
202618122
202618123
202618124
202618125
202618126
202618127
202618128
202618129
20261813
202618130
202618132
202618133
202618134
202618135
202618138
202618139
20261814
202618140
202618141
202618142
202618143
202618144
202618145
202618147
202618148
20261815
202618150
202618151
202618152
202618153
202618154
202618155
202618156
202618157
202618158
202618159
20261816
202618160
202618161
202618162
202618164
202618165
202618166
202618167
202618168
202618169
20261817
202618170
202618172
202618173
202618175
202618176
202618177
202618178
202618179
20261818
202618181
202618182
202618183
202618185
202618186
202618188
202618189
20261819
202618190
202618191
202618192
202618193
202618196
202618197
202618198
202618199
2026182
20261820
202618200
202618201
202618202
202618203
202618204
202618205
202618207
202618208
202618209
20261821
202618210
202618211
202618218
202618219
20261822
202618224
202618226
202618227
20261823
202618230
202618231
202618233
202618234
202618235
202618236
202618237
20261824
202618240
202618246
20261825
202618253
202618257
202618259
20261826
202618260
202618261
202618266
202618267
20261827
202618270
202618271
202618272
202618273
202618274
202618275
202618276
202618277
202618278
202618279
20261828
202618281
202618282
202618283
202618284
202618285
202618286
202618288
202618289
2026183
20261830
202618307
20261831
202618313
202618314
202618315
202618316
202618317
202618318
202618319
20261832
202618320
20261833
20261834
20261835
20261836
20261837
20261839
20261840
20261841
20261842
20261843
20261844
202618443
202618444
202618445
202618446
202618447
20261845
202618450
202618452
202618453
202618454
202618455
202618456
202618458
202618459
20261846
202618460
202618461
202618462
202618463
202618464
202618465
202618466
202618467
202618468
202618469
20261847
202618470
202618471
202618472
202618473
202618474
202618475
202618476
202618477
202618478
202618479
20261848
202618480
202618481
202618482
202618483
202618485
202618488
202618489
20261849
202618490
202618491
202618493
202618494
202618495
202618496
202618499
2026185
20261850
202618500
202618503
202618504
202618505
202618506
202618507
202618508
202618509
20261851
202618511
202618513
202618514
202618515
202618516
202618517
202618518
202618519
20261852
202618520
202618521
202618522
202618523
202618526
202618527
202618528
202618529
20261853
202618531
202618532
202618533
202618534
202618535
202618537
202618538
202618539
20261854
202618541
202618542
202618543
202618544
202618545
202618546
202618547
202618549
20261855
202618550
202618552
202618554
202618556
202618557
202618558
202618559
20261856
202618563
202618564
202618565
202618566
202618567
202618568
202618569
20261857
202618570
202618571
202618572
202618573
202618574
202618575
202618577
202618578
202618579
20261858
202618581
202618582
202618583
202618584
202618585
202618586
202618587
202618588
202618589
202618590
202618591
202618592
202618594
202618595
202618597
202618598
20261860
202618601
202618602
202618603
202618604
202618605
202618606
202618607
202618608
202618609
20261861
202618610
202618612
202618613
202618614
202618615
202618617
20261862
202618621
202618622
202618623
202618624
202618625
202618626
202618627
202618628
202618629
20261863
202618630
202618632
202618633
202618634
202618635
202618636
202618637
202618638
202618639
20261864
202618640
202618641
202618642
202618643
202618644
202618645
202618646
202618647
202618648
202618649
20261865
202618650
202618651
202618652
202618653
202618654
202618655
202618656
202618657
202618658
20261866
202618660
202618661
202618662
202618663
202618664
202618666
202618667
202618668
202618669
20261867
202618670
202618671
202618672
202618673
202618674
202618676
202618677
202618678
202618679
20261868
202618680
202618681
202618682
202618683
202618684
202618685
202618687
202618688
20261869
202618690
202618691
202618692
202618694
202618695
202618696
202618697
202618698
202618699
20261870
202618702
202618705
202618706
202618707
202618708
20261871
202618711
202618712
202618713
202618715
202618717
202618718
202618719
20261872
202618721
202618722
202618723
202618724
202618725
202618726
202618727
202618728
202618729
20261873
202618730
202618734
202618736
202618737
202618738
202618739
20261874
202618740
202618743
202618744
202618745
202618746
202618747
202618748
202618749
20261875
202618752
202618753
202618754
202618755
202618756
202618757
202618758
202618759
20261876
202618761
202618762
202618763
202618764
202618766
202618767
202618769
20261877
202618770
202618771
202618772
202618773
202618774
202618776
202618777
202618778
202618779
20261878
202618780
202618781
202618782
202618783
202618784
202618785
202618786
202618787
202618788
202618789
20261879
202618790
202618791
202618792
202618794
202618795
202618796
202618797
202618798
2026188
20261880
202618800
202618801
202618802
202618803
202618804
202618805
202618807
202618808
202618809
20261881
202618810
202618811
202618814
202618815
202618816
202618818
202618819
20261882
202618820
202618821
202618822
202618823
202618824
202618825
202618826
202618827
202618828
202618829
20261883
202618830
202618833
202618834
202618835
202618836
202618837
202618839
20261884
202618840
202618841
202618842
202618843
202618844
202618845
202618846
202618847
202618848
202618849
20261885
202618850
202618851
202618852
202618853
202618855
202618856
202618858
20261886
202618860
202618862
202618864
202618865
202618866
202618867
202618868
20261887
202618870
202618871
202618872
202618873
202618874
202618875
202618876
202618877
202618878
202618879
20261888
202618880
202618881
202618883
202618884
202618885
202618886
202618887
202618888
202618889
20261889
202618890
202618891
202618892
202618893
202618894
202618895
202618896
202618897
202618899
2026189
20261890
202618900
202618901
202618902
202618903
202618904
202618905
202618906
202618907
202618908
202618909
20261891
202618910
202618911
202618912
202618913
202618914
202618915
202618916
202618917
202618918
202618919
20261892
202618920
202618921
202618922
202618923
202618924
202618925
202618926
202618927
202618928
202618929
20261893
202618930
202618931
202618932
202618933
202618934
202618935
202618936
202618937
202618938
202618939
20261894
202618940
202618941
202618942
202618943
202618944
202618945
202618946
202618947
202618948
202618949
20261895
202618950
202618951
202618952
202618953
202618954
202618955
202618956
202618957
202618958
202618959
20261896
202618960
202618961
202618962
202618963
202618964
202618965
202618966
202618967
202618968
202618969
20261897
202618970
202618971
202618972
202618973
202618974
202618975
202618976
202618977
202618978
202618979
20261898
202618980
202618981
202618982
202618983
202618984
202618985
202618986
202618987
202618988
202618989
20261899
202618990
202618991
202618992
202618993
202618994
202618995
202618996
202618997
202618998
202619
2026190
20261900
20261901
20261902
20261903
20261904
20261905
20261906
20261907
20261908
20261909
2026191
20261910
20261911
20261912
20261914
20261915
20261916
20261917
20261918
20261919
2026192
20261920
20261921
20261922
20261923
20261924
20261925
20261926
202619265
20261927
20261928
20261929
2026193
20261930
20261931
20261932
20261933
20261934
20261935
20261936
20261937
20261938
20261939
2026194
20261940
20261941
20261942
20261943
20261944
20261945
20261946
20261947
20261948
20261949
20261950
20261951
20261952
20261953
20261954
202619541
202619542
202619544
202619545
202619546
202619547
202619548
202619549
20261955
202619550
202619551
202619552
202619553
202619554
202619555
202619556
202619557
202619558
20261956
202619560
202619561
202619562
202619563
202619564
202619565
202619566
202619567
202619569
20261957
202619570
202619571
202619572
202619573
202619574
202619575
202619576
202619577
202619578
202619579
20261958
202619580
202619581
202619583
202619585
202619586
202619587
202619588
20261959
202619590
202619592
202619593
202619594
202619595
202619596
202619597
202619598
202619599
2026196
20261960
202619600
202619601
202619602
202619603
202619604
202619606
20261961
202619610
202619613
202619614
202619616
202619618
202619619
20261962
202619620
202619621
202619622
202619623
202619624
202619625
202619626
202619627
202619628
202619629
20261963
202619630
202619632
202619633
202619634
202619637
202619638
202619639
20261964
202619640
202619642
202619643
202619644
202619647
202619648
20261965
202619650
202619651
202619652
202619653
202619654
202619656
202619657
202619658
20261966
202619660
202619661
202619662
202619663
202619664
202619665
202619666
202619667
202619668
202619669
20261967
202619670
202619671
202619672
202619673
202619674
202619675
202619677
202619678
202619679
20261968
202619680
202619681
202619688
202619689
202619690
202619696
202619698
202619699
2026197
20261970
202619700
202619701
202619702
202619704
202619705
202619706
202619707
202619708
202619709
20261971
202619710
202619711
202619712
202619713
202619714
202619716
202619718
202619719
20261972
202619720
202619721
202619722
202619724
202619725
202619726
202619727
202619729
20261973
202619730
202619731
202619732
202619733
202619734
202619735
202619736
202619737
202619738
202619739
202619740
202619741
202619742
202619743
202619744
202619745
202619746
202619747
202619748
202619749
20261975
202619750
202619752
202619753
202619754
202619755
202619756
202619757
202619758
20261976
202619760
202619761
202619762
202619763
202619764
202619765
202619766
202619767
202619768
202619769
20261977
202619770
202619771
202619772
202619773
202619774
202619776
202619777
202619778
202619779
20261978
202619780
202619782
202619783
202619785
202619786
20261979
202619791
202619793
202619794
202619795
202619796
202619797
202619798
202619799
2026198
20261980
202619800
202619801
202619803
202619804
202619805
202619806
20261981
202619812
202619814
202619817
202619819
20261982
202619821
202619822
202619823
202619824
202619827
202619828
202619829
20261983
202619830
202619831
202619832
202619833
202619835
202619836
202619837
202619838
202619839
20261984
202619840
202619841
202619843
202619844
202619848
20261985
202619850
202619851
202619852
202619854
202619855
202619856
202619857
202619858
202619859
20261986
202619860
202619861
202619862
202619863
202619864
202619865
20261987
202619870
202619871
202619872
202619873
202619875
202619877
202619878
202619879
20261988
202619881
202619882
202619883
202619884
202619885
202619886
202619887
202619888
202619889
20261989
202619890
202619891
202619892
202619893
202619894
202619895
202619896
202619897
202619899
20261990
202619900
202619901
202619902
202619903
202619904
202619906
202619907
202619908
202619909
20261991
202619910
202619911
202619912
202619913
202619914
202619915
202619916
202619917
202619918
202619919
20261992
202619920
202619921
202619922
202619923
202619924
202619925
202619926
202619927
202619928
202619930
202619931
202619932
202619933
202619934
202619935
202619937
202619938
202619939
20261994
202619940
202619941
202619942
202619943
202619944
202619945
202619946
202619947
202619948
202619949
20261995
202619950
202619951
202619952
202619953
202619954
202619955
202619956
202619957
202619958
202619959
20261996
202619960
202619961
202619962
202619963
202619965
202619966
202619967
202619968
202619969
20261997
202619970
202619971
202619973
202619974
202619976
202619977
202619978
202619979
20261998
202619980
202619981
202619982
202619983
202619984
202619985
202619986
202619987
202619988
202619989
20261999
202619990
202619991
202619992
202619993
202619994
202619995
202619996
202619997
202619998
202620
2026200
20262000
202620000
202620001
202620002
202620003
202620004
202620005
202620006
202620007
202620009
20262001
202620010
202620012
202620013
202620014
202620015
202620016
202620017
202620019
20262002
202620020
202620021
202620022
202620024
202620026
202620027
202620028
202620029
20262003
202620031
202620032
202620033
202620034
202620035
202620036
202620037
202620038
202620039
20262004
202620040
202620041
202620042
202620043
202620044
202620045
202620046
202620047
202620048
202620049
20262005
202620050
202620051
202620052
202620053
202620054
202620055
202620056
202620057
202620058
202620059
20262006
202620060
202620061
202620062
202620063
202620064
202620065
202620066
202620067
202620068
202620069
20262007
202620071
202620072
202620073
202620074
202620076
202620077
202620078
20262008
202620080
202620081
202620082
202620083
202620084
202620085
202620086
202620087
202620088
20262009
202620090
202620091
202620092
202620093
202620094
202620096
202620097
202620099
2026201
20262010
202620100
202620101
202620102
202620103
202620104
202620105
202620106
202620108
202620109
20262011
202620110
202620111
202620112
202620113
202620114
202620115
202620116
202620117
202620118
202620119
20262012
202620120
202620121
202620122
202620123
202620124
202620125
202620127
202620128
202620129
20262013
202620130
202620131
202620132
202620133
202620134
202620135
202620136
202620138
202620139
20262014
202620140
202620141
202620142
202620143
202620144
202620145
202620146
202620147
202620148
202620149
20262015
202620150
202620152
202620153
202620154
202620155
202620156
202620157
202620158
202620159
20262016
202620160
202620162
202620164
202620166
202620167
202620168
20262017
20262018
20262019
2026202
20262020
20262021
20262022
20262023
20262024
20262025
20262026
20262027
20262028
20262029
2026203
20262030
20262031
20262032
20262033
20262034
20262035
20262036
20262037
20262038
20262039
20262040
20262041
20262042
20262043
20262044
20262045
20262046
20262047
20262048
20262049
2026205
20262050
20262051
20262052
20262053
20262054
202620540
202620541
202620542
202620544
202620546
20262055
20262056
20262057
20262058
20262059
20262060
20262061
20262062
20262063
20262064
20262065
20262066
20262067
20262068
20262069
2026207
20262070
20262071
20262072
20262073
20262074
20262075
20262076
20262077
20262078
202620783
202620784
202620785
202620786
202620787
202620788
202620789
20262079
202620790
202620791
202620792
202620793
202620794
202620795
202620796
202620797
202620798
202620799
2026208
20262080
202620800
202620801
202620802
202620803
202620804
202620805
202620806
202620807
202620808
202620809
20262081
202620810
202620811
202620812
202620813
202620814
202620815
202620816
202620817
202620818
202620819
20262082
202620821
202620822
202620823
202620825
202620826
202620827
202620828
202620829
20262083
202620830
202620831
202620832
202620833
202620834
202620835
202620836
202620838
202620839
20262084
202620840
202620841
202620842
202620843
202620844
202620845
202620846
202620847
202620848
20262085
202620850
202620851
202620852
202620854
202620855
202620856
202620857
202620858
202620859
202620860
202620861
202620862
202620863
202620864
202620865
202620866
202620867
202620868
202620869
20262087
202620870
202620871
202620872
202620873
202620874
202620875
202620876
202620877
202620878
202620879
20262088
202620880
202620881
202620882
202620883
202620884
202620885
202620886
202620887
202620888
202620889
20262089
202620890
202620891
202620892
202620893
202620894
202620895
202620898
202620899
2026209
20262090
202620900
202620901
202620902
202620903
202620904
202620905
202620906
202620907
202620908
202620909
20262091
202620910
202620911
202620912
202620913
202620914
202620915
202620916
202620917
202620918
202620919
20262092
202620920
202620921
202620922
202620923
202620924
202620925
202620926
202620927
202620928
202620929
20262093
202620930
202620931
202620932
202620933
202620934
202620935
202620936
202620937
202620938
202620939
20262094
202620940
202620941
202620943
202620944
202620945
202620946
202620947
202620948
202620949
20262095
202620950
202620951
202620952
202620953
202620954
202620955
202620956
202620957
202620958
202620959
202620960
202620961
202620962
202620963
202620964
202620965
202620966
202620967
202620968
202620969
20262097
202620970
202620972
202620973
202620974
202620975
202620976
202620977
202620978
202620979
20262098
202620980
202620981
202620982
202620983
202620984
202620985
202620986
202620987
202620988
202620989
20262099
202620990
202620991
202620992
202620993
202620994
202620995
202620996
202620997
202620998
202620999
202621
2026210
202621000
202621001
202621002
202621003
202621004
202621005
202621006
202621007
202621008
202621009
20262101
202621010
202621012
202621013
202621014
202621015
202621016
202621017
202621018
202621019
20262102
202621020
202621021
202621022
202621023
202621024
202621025
202621026
202621027
202621028
202621029
20262103
202621030
202621031
202621032
202621033
202621034
202621035
202621036
202621037
202621038
202621039
20262104
202621040
202621042
202621043
202621044
202621045
202621046
202621047
202621048
202621049
20262105
202621050
202621051
202621052
202621053
202621054
202621055
202621056
202621057
202621058
202621059
20262106
202621060
202621061
202621062
202621063
202621064
202621066
202621067
202621068
202621069
20262107
202621070
202621071
202621072
202621073
202621074
202621075
202621076
202621077
202621078
202621079
20262108
202621080
202621081
202621082
202621083
202621084
202621085
202621086
202621087
202621088
202621089
20262109
202621090
202621091
202621092
202621093
202621094
202621095
202621096
202621098
202621099
2026211
20262110
202621100
202621101
202621102
202621103
202621104
202621105
202621106
202621107
202621108
202621109
20262111
202621110
202621111
202621112
202621113
202621114
202621115
202621116
202621117
202621118
202621119
20262112
202621120
202621121
202621122
202621123
202621124
202621125
202621126
202621127
202621128
202621129
20262113
202621130
202621131
202621132
202621133
202621134
202621135
202621136
202621137
202621138
202621139
20262114
202621140
202621141
202621142
202621143
202621144
202621145
202621146
202621147
202621148
202621149
20262115
202621150
202621151
202621152
202621153
202621154
202621155
202621156
202621157
202621158
202621159
20262116
202621161
202621162
202621163
202621164
202621165
202621166
202621167
202621168
202621169
20262117
202621171
202621172
202621173
202621174
202621175
202621176
202621177
202621178
202621179
20262118
202621180
202621181
202621182
202621183
202621186
202621187
202621188
202621189
20262119
202621190
202621192
202621193
202621194
202621195
202621196
202621197
202621198
202621199
20262120
202621200
202621201
202621202
202621203
202621204
202621205
202621206
202621207
202621208
20262121
202621210
202621211
202621212
202621213
202621214
202621215
202621216
202621217
202621218
202621219
20262122
202621220
202621221
202621222
202621223
202621224
202621226
202621227
202621228
202621229
20262123
202621230
202621231
202621232
202621233
202621234
202621235
202621236
202621237
202621238
202621239
20262124
202621240
202621241
202621242
202621243
202621244
202621245
202621246
202621247
202621248
202621249
20262125
202621250
202621251
202621252
202621253
202621254
202621255
202621256
202621257
202621258
202621259
20262126
202621260
202621261
202621262
202621263
202621264
202621265
202621266
202621267
202621268
202621269
20262127
202621270
202621271
202621272
202621273
202621274
202621275
202621276
202621277
202621278
202621279
20262128
202621280
202621281
202621282
202621283
202621284
202621285
202621286
202621287
202621288
202621289
20262129
202621290
202621291
202621292
202621293
202621294
202621295
202621296
202621297
202621298
202621299
20262130
202621300
202621301
202621302
202621303
202621304
202621305
202621306
202621307
202621308
202621309
20262131
202621310
202621311
202621313
202621314
202621315
202621316
202621317
202621318
202621319
20262132
202621320
202621321
202621323
202621324
202621326
202621327
202621328
202621329
20262133
202621330
202621331
202621332
202621333
202621334
202621335
202621336
202621337
202621338
202621339
20262134
202621340
202621341
202621342
202621343
202621344
202621345
202621346
202621347
202621348
202621349
20262135
202621350
202621351
202621352
202621353
202621354
202621355
202621356
202621357
202621358
202621359
20262136
202621360
202621361
202621362
202621363
202621364
202621365
202621366
202621367
202621368
202621369
20262137
202621370
202621371
202621372
202621374
202621375
202621376
202621377
202621378
202621379
20262138
202621380
202621381
202621382
202621383
202621384
202621385
202621386
202621387
202621388
202621389
20262139
202621390
202621391
202621392
202621393
202621394
202621395
202621397
202621398
202621399
2026214
20262140
202621400
202621401
202621402
202621403
202621404
202621405
202621407
202621408
202621409
20262141
202621410
202621411
202621412
202621413
202621414
202621415
202621416
202621417
202621418
202621419
20262142
202621420
202621421
202621422
202621423
202621424
202621425
202621426
202621427
202621428
202621429
20262143
202621430
202621431
202621432
202621433
202621434
202621435
202621436
202621437
202621438
202621439
20262144
202621440
202621441
202621442
202621443
202621444
202621445
202621446
202621447
202621448
202621449
20262145
202621450
202621451
202621452
202621453
202621455
202621456
202621457
202621458
202621459
20262146
202621460
202621461
202621462
202621463
202621464
202621465
202621466
202621467
202621468
20262147
202621470
202621471
202621472
202621473
202621474
202621475
202621476
202621477
202621478
202621479
20262148
202621480
202621481
202621482
202621483
202621484
202621485
202621486
202621487
202621489
20262149
202621491
202621492
202621493
202621494
202621495
202621496
202621497
202621498
202621499
2026215
20262150
202621500
202621501
202621502
202621503
202621504
202621505
202621506
202621507
202621508
202621509
20262151
202621510
202621511
202621512
202621513
202621514
202621516
202621517
202621518
202621519
20262152
202621521
202621522
202621523
202621524
202621525
202621526
202621527
202621528
202621529
20262153
202621530
202621531
202621532
202621533
202621534
202621535
202621536
202621537
202621538
202621539
20262154
202621540
202621541
202621542
202621543
202621544
202621545
202621546
202621547
202621548
202621549
20262155
202621550
202621551
202621552
202621553
202621554
202621555
202621556
202621557
202621558
202621559
20262156
202621560
202621561
202621562
202621565
202621568
202621569
20262157
202621571
202621572
202621573
202621574
202621575
202621576
202621577
202621578
202621579
20262158
202621580
202621581
202621582
202621583
202621584
202621585
202621586
202621587
202621588
202621589
20262159
202621590
202621591
202621592
202621593
202621594
202621595
202621596
202621597
202621598
202621599
2026216
20262160
202621600
202621601
202621602
202621603
202621605
202621606
202621607
202621608
202621609
20262161
202621610
202621611
202621612
202621613
202621614
202621615
202621616
202621617
202621619
20262162
202621620
202621621
202621623
202621624
202621625
202621626
202621627
202621628
202621629
20262163
202621630
20262164
20262167
20262168
20262169
2026217
20262170
20262171
202621714
202621715
202621716
202621717
202621718
202621719
20262172
202621720
202621721
202621722
202621723
202621724
202621725
202621726
202621727
202621728
202621729
20262173
202621730
202621731
202621732
20262174
20262175
20262176
20262177
202621770
202621771
202621774
202621776
202621777
202621779
20262178
202621781
202621782
202621783
202621784
202621785
202621787
20262179
202621792
202621793
202621794
202621795
202621797
202621798
202621799
2026218
20262180
202621800
202621802
202621803
202621804
202621806
202621807
202621808
202621809
20262181
202621810
202621811
202621812
202621813
202621814
202621815
202621816
202621818
202621819
20262182
202621820
202621821
202621823
202621824
202621825
202621826
202621827
202621828
20262183
202621830
202621831
202621832
202621833
202621834
202621835
202621836
202621838
202621839
20262184
202621840
202621842
202621843
202621844
202621845
202621846
202621847
202621848
202621849
20262185
202621850
202621851
202621852
20262186
20262187
20262188
20262189
2026219
20262190
20262191
20262192
20262193
20262194
20262195
20262196
20262197
20262198
20262199
202622
20262200
20262201
20262202
20262203
20262204
20262205
20262206
20262207
20262208
20262209
2026221
20262210
20262211
202622116
202622117
202622118
202622119
202622120
202622121
202622122
202622123
202622124
202622125
202622126
202622127
202622128
202622129
20262213
202622131
202622132
202622133
202622134
202622135
202622136
202622137
202622138
202622139
20262214
202622140
202622141
202622142
202622143
202622145
202622146
202622147
202622148
202622149
20262215
202622150
202622151
202622152
202622153
202622154
202622155
202622156
202622157
202622158
202622159
20262216
202622161
202622162
202622163
202622164
202622165
202622167
202622168
202622169
20262217
202622170
202622171
202622172
202622173
202622174
202622175
202622176
202622177
202622178
202622179
20262218
202622180
202622181
202622182
202622183
202622184
202622185
202622186
202622187
202622188
202622189
20262219
202622190
202622191
202622192
202622193
202622194
202622195
202622196
202622197
202622198
202622199
2026222
20262220
202622200
202622201
202622202
202622203
202622204
202622205
202622206
202622207
202622208
202622209
20262221
202622210
202622211
202622212
202622213
202622214
202622215
202622216
202622217
202622218
202622219
20262222
202622220
202622221
202622222
202622223
202622224
202622225
202622226
202622227
202622228
202622229
20262223
202622230
202622231
202622232
202622233
202622234
202622235
202622236
202622237
202622238
202622239
20262224
202622240
202622241
202622242
202622243
202622244
202622245
202622246
202622247
202622248
202622249
20262225
202622250
202622251
202622252
202622253
202622254
202622255
202622256
202622257
202622258
202622259
20262226
202622260
202622261
202622262
202622263
202622264
202622265
202622266
202622267
202622268
202622269
20262227
202622270
202622271
202622272
202622273
202622274
202622275
202622276
202622277
202622278
202622279
20262228
202622280
202622281
202622282
202622283
202622284
202622285
202622286
202622287
202622288
202622289
20262229
202622290
202622291
202622292
202622293
202622294
202622295
202622296
202622297
202622298
202622299
2026223
20262230
202622300
202622301
202622302
202622303
202622304
202622305
202622306
202622307
202622308
202622309
20262231
202622310
202622312
202622313
202622314
202622315
202622316
202622317
202622318
202622319
20262232
202622320
202622321
202622322
202622323
202622324
202622325
202622326
202622327
202622328
202622329
20262233
202622330
202622331
202622332
202622333
202622334
202622335
202622336
202622337
202622338
202622339
20262234
202622340
202622341
202622342
202622343
202622344
202622345
202622346
202622347
202622348
202622349
20262235
202622350
202622351
202622352
202622353
202622354
202622355
202622356
202622357
202622358
202622359
20262236
202622360
202622361
202622362
202622363
202622364
202622365
202622366
202622367
202622368
202622369
20262237
202622370
202622371
202622373
202622374
202622375
202622376
202622377
202622378
202622379
20262238
202622380
202622381
202622382
202622383
202622384
202622385
202622386
202622387
202622388
202622389
20262239
202622390
202622391
202622392
202622393
202622394
202622395
202622396
202622397
202622398
202622399
2026224
20262240
202622400
202622401
202622402
202622403
202622404
202622405
202622406
202622407
202622408
202622409
20262241
202622410
202622411
202622412
202622413
202622414
202622415
202622416
202622417
202622418
202622419
20262242
202622420
202622421
202622422
202622423
202622424
202622425
202622426
202622427
202622428
202622429
20262243
202622430
202622431
202622432
202622433
202622434
202622435
202622436
202622437
202622438
202622439
20262244
202622440
202622441
202622442
202622443
202622444
202622445
202622446
202622447
202622448
202622449
20262245
202622450
202622451
202622452
202622453
202622454
202622455
202622456
202622457
202622458
202622459
20262246
202622460
202622461
202622462
202622463
202622464
202622465
202622466
202622467
202622468
202622469
20262247
202622470
202622471
202622472
202622473
202622474
202622475
202622476
202622477
202622478
202622479
20262248
202622480
202622481
202622482
202622483
202622485
202622486
202622487
202622488
202622489
20262249
202622490
202622491
202622492
202622493
202622494
202622495
202622496
202622497
202622498
202622499
2026225
20262250
202622500
202622501
202622502
202622503
202622504
202622505
202622506
202622507
202622508
202622509
20262251
202622510
202622511
202622512
202622513
202622514
202622515
202622516
202622518
202622519
20262252
202622520
202622521
202622522
202622523
202622524
202622525
202622526
202622527
202622528
202622529
20262253
202622530
202622531
202622532
202622533
202622534
202622535
202622536
202622537
202622538
202622539
20262254
202622540
202622541
202622542
202622543
202622544
202622545
202622546
20262255
20262258
20262259
2026226
20262260
20262261
20262262
20262263
20262264
20262265
20262266
20262267
20262268
202622683
202622684
202622685
202622686
202622687
202622688
202622689
20262269
202622690
202622691
202622692
202622693
202622694
202622695
202622696
202622697
202622698
202622699
2026227
202622700
202622701
202622702
202622703
202622704
202622706
202622707
202622708
202622709
20262271
202622710
202622711
202622712
202622713
202622714
202622716
202622717
202622718
202622719
20262272
202622720
202622721
202622722
202622723
202622724
202622725
202622726
202622728
202622729
20262273
202622730
202622731
202622732
202622734
202622735
202622736
202622737
202622738
202622739
20262274
202622740
202622741
202622742
202622743
202622744
202622745
202622746
202622747
202622748
202622749
20262275
202622750
202622751
202622752
202622754
202622755
202622756
202622757
202622758
202622759
20262276
202622760
202622761
202622762
202622763
202622764
202622765
202622768
20262277
202622770
202622771
202622772
202622773
202622774
202622775
202622778
202622779
20262278
202622780
202622781
202622782
202622783
202622785
202622786
202622788
202622789
20262279
202622790
202622791
202622793
202622794
202622795
202622796
202622797
202622798
202622799
2026228
20262280
202622800
202622801
202622802
202622803
202622804
202622805
202622806
202622807
202622808
202622809
20262281
202622810
202622811
202622812
202622813
202622814
202622815
202622816
202622817
202622818
202622819
20262282
202622820
202622821
202622822
202622823
202622824
202622825
202622826
202622827
202622828
202622829
20262283
202622830
202622831
202622832
202622834
202622835
202622836
202622837
202622838
202622839
20262284
202622840
202622841
202622842
202622843
202622844
202622845
202622846
202622847
202622848
202622849
20262285
202622850
202622851
202622853
202622854
202622857
202622859
20262286
202622860
202622861
202622862
202622863
202622864
202622866
202622867
202622868
202622869
20262287
202622870
202622871
202622872
202622874
202622875
202622876
202622877
202622878
202622879
202622880
202622881
202622882
202622883
202622884
202622885
202622886
202622887
202622889
20262289
202622890
202622891
202622892
202622893
202622894
202622895
202622896
202622897
202622898
202622899
20262290
202622900
202622901
202622902
202622903
202622904
202622905
202622906
202622907
202622908
202622909
20262291
202622910
202622911
202622912
202622913
202622914
202622915
202622916
202622917
202622918
202622919
20262292
202622920
202622921
202622922
202622923
202622924
202622925
202622926
202622927
202622928
202622929
20262293
202622930
202622931
202622932
202622933
202622934
202622936
202622937
202622938
202622939
20262294
202622940
202622941
202622942
202622943
202622944
202622945
202622946
202622947
202622949
20262295
202622950
202622951
202622952
202622953
202622955
202622956
202622957
202622958
202622959
20262296
202622960
202622961
202622962
202622963
202622964
202622965
202622966
202622967
202622968
202622969
20262297
202622970
202622971
202622973
202622974
202622975
202622976
202622978
202622979
20262298
202622980
202622981
202622982
202622983
202622984
202622985
202622986
202622987
202622988
202622989
202622990
202622991
202622992
202622993
202622994
202622995
202622996
202622997
202622998
202622999
202623
2026230
20262300
202623000
202623001
202623002
202623004
202623005
202623007
202623008
202623009
20262301
202623010
202623011
202623012
202623013
202623014
202623015
202623016
202623017
202623018
202623019
20262302
202623020
202623021
202623022
202623023
202623024
202623025
202623026
202623027
202623029
20262303
202623030
202623031
202623032
202623033
202623034
202623035
202623036
202623037
202623038
202623039
20262304
202623040
202623041
202623042
202623043
202623044
202623045
202623046
202623047
202623048
202623049
20262305
202623050
202623051
202623052
202623053
202623054
202623055
202623056
202623057
202623058
202623059
20262306
202623060
202623061
202623062
202623063
202623065
202623067
202623068
202623069
20262307
202623071
202623072
202623073
202623074
202623075
202623076
202623077
202623078
20262308
202623080
202623081
202623082
202623085
202623086
202623087
202623088
202623089
20262309
202623090
202623091
202623092
202623093
202623094
202623095
202623096
202623097
202623098
202623099
2026231
20262310
202623100
202623102
202623103
202623104
202623105
202623106
202623107
202623108
202623109
20262311
202623110
202623111
202623112
202623113
202623114
202623115
202623116
202623117
202623118
202623119
20262312
202623120
202623121
202623122
202623123
202623124
202623125
202623126
202623127
202623128
202623129
20262313
202623130
202623131
202623132
202623133
202623134
202623135
202623136
202623137
202623138
202623139
20262314
202623140
202623141
202623142
202623145
202623146
202623147
202623148
202623149
20262315
202623150
202623151
202623153
202623154
202623155
202623156
202623157
202623158
202623159
20262316
202623160
202623161
202623162
202623163
202623164
202623165
202623166
202623167
202623168
202623169
20262317
202623170
202623171
202623172
202623173
202623174
202623175
202623176
202623177
202623178
202623179
20262318
202623180
202623181
202623182
202623183
202623184
202623185
202623186
202623187
202623188
202623189
20262319
202623190
202623192
202623193
202623194
202623195
202623196
202623197
202623198
202623199
2026232
20262320
202623200
202623201
202623202
202623203
202623204
202623205
202623206
202623207
202623208
202623209
20262321
202623210
202623212
202623213
202623214
202623216
202623217
202623218
20262322
202623220
202623221
202623222
202623223
202623224
202623225
202623226
202623227
202623228
202623229
20262323
202623230
202623231
202623232
202623233
202623234
202623235
202623236
202623237
202623238
20262324
202623240
202623241
202623242
202623243
202623244
202623245
202623246
202623247
202623248
202623249
20262325
202623251
202623253
202623254
202623255
202623256
202623257
202623258
202623259
20262326
202623260
202623261
202623262
202623263
202623265
202623266
202623267
202623268
202623269
20262327
202623270
202623271
202623272
202623274
202623275
202623276
202623277
202623278
202623279
20262328
202623280
202623281
202623282
202623283
202623284
202623285
202623286
202623287
202623288
202623289
20262329
202623290
202623292
202623293
202623294
202623295
202623296
202623297
202623298
202623299
2026233
20262330
202623300
202623301
202623302
202623303
202623304
202623305
202623306
202623307
202623309
20262331
202623310
202623311
202623315
202623316
202623317
202623318
202623319
20262332
202623320
202623321
202623322
202623323
202623324
202623325
202623326
202623328
202623329
20262333
202623330
202623331
202623332
202623333
202623334
202623335
202623336
202623337
202623338
202623339
20262334
202623340
202623341
202623342
202623343
202623344
202623346
202623347
202623348
202623349
20262335
202623353
202623354
202623355
202623356
202623357
202623359
20262336
202623360
202623361
202623362
202623363
202623364
202623365
202623366
202623367
202623368
202623369
20262337
202623370
202623371
202623372
202623373
202623374
202623375
202623376
202623377
202623378
202623379
20262338
202623380
202623381
202623382
202623383
202623385
202623386
202623387
202623388
202623389
20262339
202623390
202623391
202623392
202623393
202623394
202623395
202623396
202623397
202623399
2026234
20262340
202623400
202623401
202623402
202623404
202623405
202623406
202623407
202623408
202623409
20262341
202623410
202623411
202623412
202623414
202623415
202623416
202623417
202623418
202623419
20262342
202623420
202623421
202623422
202623423
202623424
202623425
202623426
202623427
202623429
20262343
202623431
202623432
202623433
202623434
202623435
202623436
202623437
202623438
202623439
20262344
202623440
202623441
202623442
202623443
202623444
202623445
202623446
202623447
202623448
202623449
20262345
202623450
202623451
202623452
202623453
202623454
202623455
202623456
202623457
202623458
202623459
20262346
202623461
202623462
202623463
202623464
202623465
202623466
202623468
202623469
20262347
202623470
202623471
202623472
202623473
202623474
202623475
202623476
202623478
202623479
20262348
202623480
202623481
202623482
202623483
202623484
202623485
202623486
202623487
202623488
202623489
20262349
202623490
202623491
202623492
202623493
202623494
202623495
202623497
202623498
202623499
2026235
20262350
202623500
202623501
202623503
202623504
202623505
202623506
202623507
202623508
202623509
20262351
202623510
202623511
202623513
202623514
202623517
202623518
202623519
20262352
202623521
202623522
202623523
202623524
202623525
202623526
202623527
202623528
202623529
202623530
202623531
202623532
202623533
202623534
202623535
202623536
202623537
202623539
20262354
202623540
202623541
202623542
202623543
202623544
202623545
202623546
202623548
202623549
20262355
202623551
202623553
202623555
202623558
202623559
20262356
202623560
202623562
202623563
202623564
202623565
202623567
202623569
20262357
20262358
20262359
2026236
20262360
20262361
20262362
20262363
20262364
20262365
20262366
20262367
20262368
20262369
20262371
20262372
20262373
20262374
20262375
20262376
20262377
20262378
20262379
2026238
20262380
20262381
20262382
20262383
20262384
20262385
20262386
202623868
202623869
20262387
202623870
202623871
202623872
202623873
202623874
202623875
202623876
202623877
202623878
202623879
20262388
202623880
202623881
202623882
202623883
202623884
202623885
202623886
202623887
202623888
202623889
20262389
2026239
20262390
20262391
20262392
20262393
20262394
20262395
20262396
20262397
20262398
20262399
2026240
20262400
20262401
20262402
20262403
20262404
20262405
20262406
20262407
20262408
20262409
2026241
202624102
202624103
202624104
202624105
202624106
202624107
202624108
202624109
20262411
202624110
202624111
202624112
202624113
202624114
202624115
202624116
202624117
202624118
202624119
20262412
202624120
202624121
202624122
202624123
202624124
202624125
202624126
202624127
202624128
202624129
20262413
202624130
202624131
202624132
202624133
202624134
202624135
202624136
202624137
202624138
202624139
20262414
202624140
202624141
202624142
202624143
202624144
202624145
202624146
202624147
202624148
202624149
20262415
202624150
202624151
202624153
202624154
202624155
202624156
202624157
202624158
202624159
20262416
202624160
202624161
202624162
202624163
202624164
202624165
202624166
202624167
202624168
202624169
20262417
202624170
202624171
202624172
202624173
202624175
202624178
202624179
20262418
202624181
202624182
202624184
202624186
202624187
202624188
202624189
20262419
202624190
202624191
202624194
202624195
202624196
202624197
202624198
202624199
2026242
20262420
202624201
202624202
202624204
202624205
202624206
202624207
202624208
202624209
20262421
202624210
202624211
202624213
202624214
202624215
202624218
20262422
202624221
202624222
202624223
202624224
202624225
202624226
202624227
202624228
202624229
20262423
202624230
202624231
202624234
202624235
202624236
202624237
202624238
20262424
202624240
202624241
202624242
202624243
202624244
202624247
202624248
20262425
202624251
202624252
202624253
202624254
202624256
202624258
20262426
202624260
202624261
202624263
202624264
202624265
202624266
202624267
202624269
20262427
202624270
202624271
202624272
202624274
202624275
202624276
202624277
202624278
202624279
20262428
202624280
202624281
202624283
202624284
202624286
202624287
202624288
202624289
20262429
202624290
202624291
202624292
202624293
202624294
202624296
202624297
202624298
202624299
2026243
20262430
202624301
202624302
202624303
202624304
202624305
202624306
202624307
202624308
202624309
20262431
202624310
202624311
202624312
202624313
202624314
202624315
202624316
202624318
20262432
202624320
202624322
202624323
202624324
202624325
202624326
202624327
202624328
202624330
202624331
202624332
202624334
202624335
202624337
202624338
202624339
20262434
202624340
202624341
202624342
202624343
202624344
202624345
202624346
202624349
20262435
202624354
202624355
202624357
202624358
202624359
20262436
202624360
202624361
202624362
202624363
202624364
202624366
202624367
202624369
20262437
202624371
202624373
202624374
202624375
202624376
202624377
202624378
202624379
20262438
202624380
202624381
202624382
202624383
202624384
202624385
202624387
202624388
202624389
20262439
202624390
202624391
202624392
202624394
202624395
202624396
202624398
202624399
2026244
20262440
202624401
202624402
202624404
202624405
202624406
202624407
202624408
202624409
202624410
202624411
202624412
202624413
202624414
202624415
202624416
202624417
202624418
202624419
20262442
202624420
202624421
202624422
202624424
202624426
202624427
202624428
202624429
20262443
202624430
202624431
202624432
202624433
202624434
202624435
202624436
202624437
202624438
20262444
202624440
202624441
202624442
202624443
202624444
202624445
202624448
202624449
20262445
202624450
202624451
202624452
202624453
202624454
202624455
202624456
202624457
202624458
202624459
20262446
202624460
202624461
202624462
202624463
202624464
202624465
202624466
202624467
202624468
202624469
20262447
202624470
202624471
202624472
202624473
202624474
202624475
202624476
202624477
202624478
202624479
20262448
202624480
202624481
202624482
202624483
202624484
202624485
202624486
202624487
202624488
202624489
20262449
202624490
202624491
202624492
202624493
202624494
202624495
202624496
202624497
202624498
202624499
20262450
202624500
202624501
202624502
202624503
202624504
202624505
202624506
202624507
202624508
202624509
20262451
202624511
202624512
202624513
202624515
202624516
202624517
202624518
202624519
20262452
202624520
202624521
202624522
202624523
202624524
202624525
202624527
202624528
202624529
20262453
202624530
202624531
202624532
202624533
202624535
202624536
202624537
202624538
202624539
20262454
202624540
202624541
202624542
202624543
202624544
202624545
202624546
202624547
202624548
202624549
20262455
202624550
202624551
202624552
202624553
202624554
202624555
202624556
202624557
202624558
202624559
20262456
202624560
202624561
202624562
202624563
202624564
202624565
202624566
202624567
202624568
202624569
20262457
202624572
202624573
202624574
202624575
202624576
202624577
202624578
202624579
20262458
202624580
202624581
202624584
202624585
202624586
202624587
202624588
202624589
20262459
202624590
202624591
202624592
202624593
202624594
2026246
20262460
20262461
20262462
20262463
20262464
20262465
20262466
20262467
20262468
20262469
2026247
20262470
202624709
20262471
202624710
202624712
202624713
202624714
202624715
202624716
202624717
202624718
202624719
20262472
202624720
202624721
202624722
202624723
202624724
202624725
202624726
202624727
20262473
202624732
202624733
202624735
202624736
202624737
202624738
202624739
20262474
202624741
202624742
202624743
202624744
202624745
202624746
202624748
202624749
20262475
202624750
202624752
202624753
202624754
202624755
202624756
202624757
202624758
202624759
20262476
202624760
202624761
202624764
202624765
202624766
202624767
202624768
20262477
202624770
202624771
202624772
202624773
202624775
202624776
202624777
202624778
202624779
20262478
202624780
202624781
202624782
202624785
202624787
202624788
20262479
202624790
202624791
202624792
202624793
202624794
202624795
202624796
202624798
2026248
20262480
202624800
202624804
202624805
202624807
202624809
20262481
202624810
202624811
202624812
202624813
202624814
202624815
202624816
202624817
202624818
20262482
202624820
202624821
202624823
202624824
202624827
202624828
20262483
202624830
202624831
202624832
202624836
202624837
202624838
20262484
202624843
202624845
202624847
202624848
202624849
20262485
202624850
202624851
202624852
202624853
202624855
202624856
202624857
202624858
202624859
20262486
202624860
202624861
202624862
202624863
202624865
202624866
202624867
202624868
202624869
20262487
202624870
202624871
202624872
202624873
202624875
202624876
202624877
202624878
20262488
202624880
202624881
202624882
202624883
202624884
202624885
202624887
202624888
202624889
20262489
202624890
202624891
202624892
202624894
202624895
202624896
202624897
202624898
202624899
20262490
202624900
202624901
202624902
202624903
202624904
202624905
202624906
202624907
202624908
202624909
20262491
202624910
202624911
202624912
202624913
202624914
202624915
202624916
202624917
202624918
202624919
20262492
202624920
202624922
202624923
202624924
202624925
202624926
202624927
202624928
202624929
20262493
202624930
202624931
202624933
202624934
202624935
202624936
202624937
202624938
202624939
20262494
202624940
202624941
202624942
202624943
202624944
202624945
202624946
202624947
202624948
20262495
202624950
202624951
202624952
202624953
202624954
202624956
202624958
202624959
20262496
202624962
202624963
202624964
202624965
202624966
202624967
202624969
20262497
202624970
202624971
202624972
202624974
202624975
202624976
202624977
202624978
202624979
20262498
202624980
202624981
202624982
202624983
202624984
202624985
202624987
202624988
202624989
20262499
202624990
202624991
202624992
202624994
202625
2026250
20262500
202625003
20262501
20262502
20262504
202625040
202625041
202625042
202625045
202625047
202625048
202625049
20262505
202625050
202625051
202625052
202625053
202625054
202625055
202625056
202625057
202625058
202625059
20262506
202625060
202625061
202625062
202625063
202625064
202625065
202625066
202625067
202625068
202625069
20262507
202625070
202625072
202625074
202625077
202625078
202625079
20262508
202625080
202625081
202625082
202625083
202625084
202625085
202625086
202625088
202625089
20262509
202625092
202625093
202625094
202625095
202625096
202625099
2026251
20262510
202625100
202625102
202625104
202625105
202625107
202625108
20262511
202625110
202625111
202625113
202625114
202625115
202625116
202625117
202625118
202625119
20262512
202625120
202625121
202625122
202625124
202625127
20262513
20262514
20262515
20262516
20262517
20262518
20262519
2026252
20262520
20262521
20262522
20262523
20262524
20262525
20262526
20262527
20262528
20262529
2026253
20262530
20262531
20262532
20262533
20262534
20262535
20262536
20262537
20262538
20262539
2026254
20262540
20262541
20262543
20262544
20262545
202625455
202625456
202625457
202625458
202625459
20262546
202625460
202625461
202625462
202625463
202625464
202625465
202625466
202625467
202625468
202625469
20262547
202625470
202625471
202625472
202625473
202625474
202625476
202625477
202625478
202625479
20262548
202625480
202625481
202625482
202625483
202625484
202625485
202625486
202625487
202625488
202625489
202625490
202625491
202625492
202625493
202625495
202625496
202625499
2026255
20262550
202625500
202625501
202625502
202625503
202625504
202625506
202625507
202625508
202625509
20262551
202625510
202625511
202625512
202625513
202625514
202625515
202625516
202625517
202625518
202625519
20262552
202625520
202625521
202625522
202625523
202625524
202625525
202625527
202625529
20262553
202625530
202625531
202625532
202625533
202625534
202625535
202625536
202625538
202625539
20262554
202625540
202625541
202625544
202625545
202625546
202625547
202625549
20262555
202625551
202625552
202625553
202625554
202625555
202625556
202625557
202625558
202625559
20262556
202625560
202625561
202625562
202625564
202625565
202625567
202625569
20262557
202625570
202625571
202625572
202625574
202625575
202625576
202625577
202625578
20262558
202625581
202625584
202625586
202625587
202625588
202625589
20262559
202625590
202625591
202625592
202625594
202625596
202625598
2026256
20262560
202625600
202625601
202625602
202625603
202625604
202625605
202625606
202625607
202625608
202625609
20262561
202625611
202625612
202625613
202625614
202625615
202625616
202625617
202625618
202625619
20262562
202625620
202625621
202625623
202625624
202625628
20262563
202625633
202625634
202625635
202625637
202625638
202625639
20262564
202625640
202625642
202625643
202625644
202625647
202625649
20262565
202625651
202625653
202625654
202625655
202625657
202625658
20262566
202625663
202625664
202625666
202625667
202625668
202625669
20262567
202625671
202625673
202625674
202625676
202625677
202625678
202625682
202625683
202625684
202625685
202625687
202625688
202625689
20262569
202625691
202625692
202625694
202625695
202625696
202625697
202625698
202625699
2026257
20262570
202625700
202625701
202625702
202625705
202625706
202625707
202625708
202625709
20262571
202625713
202625716
202625717
20262572
202625720
202625721
202625723
202625725
202625727
202625728
20262573
202625731
202625733
202625734
202625735
202625736
202625738
202625739
20262574
202625741
202625742
202625743
202625744
202625747
202625748
20262575
202625751
202625755
202625756
202625759
20262576
202625761
202625762
202625763
202625764
202625765
202625766
20262577
202625770
202625772
202625773
202625777
202625779
20262578
202625780
202625781
202625785
202625787
202625789
20262579
202625790
202625791
202625792
202625793
202625795
202625796
202625797
202625798
2026258
20262580
202625801
202625802
202625803
202625804
202625805
202625806
202625809
20262581
202625810
202625811
202625812
202625813
202625814
202625815
202625816
202625817
202625818
20262582
202625820
202625821
202625822
202625823
202625824
202625825
202625826
202625827
202625828
20262583
202625835
202625836
202625837
202625838
20262584
202625840
202625841
202625842
202625843
202625844
202625846
202625849
20262585
202625850
202625851
202625853
202625855
202625856
202625857
202625858
202625859
20262586
202625860
202625861
202625862
202625863
202625864
202625865
202625867
20262587
202625871
202625872
202625873
202625874
202625875
202625876
202625878
202625879
20262588
202625880
202625881
202625882
202625883
202625884
202625887
202625888
202625889
20262589
202625890
202625891
202625892
202625893
202625895
202625896
202625897
202625898
2026259
20262590
202625900
202625901
202625902
202625903
202625904
202625905
202625906
202625907
202625908
202625909
20262591
202625910
202625911
202625912
202625913
202625914
202625915
202625916
202625917
202625918
202625919
20262592
202625920
202625921
202625922
202625923
202625924
202625925
202625926
202625927
202625929
20262593
202625930
202625931
202625932
202625933
202625934
202625935
202625936
202625937
202625938
202625939
20262594
202625940
202625941
202625942
202625943
202625944
202625945
202625946
202625947
202625948
202625949
20262595
202625950
202625951
202625952
202625954
202625955
202625956
202625957
202625958
202625959
20262596
202625960
202625961
202625962
202625963
202625964
202625965
202625966
202625967
202625968
202625969
20262597
202625970
202625971
202625972
202625973
202625974
202625975
202625976
202625977
202625978
202625979
20262598
202625980
202625981
202625982
202625983
202625984
202625985
202625986
202625987
202625988
202625989
20262599
202625990
202625991
202625992
202625994
202625995
202625996
202625997
202625998
202625999
202626
20262600
202626000
202626001
202626003
202626004
202626005
202626006
202626007
202626008
202626009
20262601
202626010
202626011
202626012
202626013
202626014
202626015
202626016
202626017
202626018
202626019
20262602
202626020
202626021
202626022
202626023
202626024
202626025
202626026
202626027
202626028
202626029
20262603
202626030
202626031
202626032
202626033
202626034
202626035
202626036
202626037
202626038
202626039
20262604
202626040
20262605
20262606
20262607
20262608
20262609
20262610
20262611
20262612
202626126
202626127
202626128
202626129
20262613
202626130
202626131
202626132
202626133
202626134
202626135
202626136
202626137
202626138
202626139
20262614
202626140
202626141
202626142
202626143
202626144
202626145
202626149
20262615
202626150
202626151
202626152
202626153
202626154
202626156
202626157
202626159
20262616
202626160
202626161
202626162
202626163
202626164
202626165
202626166
202626168
20262617
202626170
202626171
202626172
202626173
202626174
202626178
202626179
20262618
202626180
202626183
202626185
202626186
202626187
202626189
20262619
202626191
202626192
202626193
202626194
202626195
202626196
202626197
202626198
202626199
2026262
20262620
202626201
202626202
202626204
202626207
202626208
202626209
20262621
202626210
202626211
202626212
202626213
202626214
202626215
202626216
202626217
202626218
202626219
20262622
202626220
202626221
202626222
202626223
202626224
202626225
202626226
202626227
202626229
20262623
202626230
202626231
202626235
202626236
202626237
202626238
202626239
20262624
202626240
202626241
202626243
202626245
202626246
202626247
20262625
202626250
202626252
202626253
202626254
202626255
202626256
202626257
202626258
202626259
20262626
202626261
202626262
202626265
202626266
202626267
202626268
202626269
20262627
202626270
202626271
202626272
202626273
202626274
202626275
202626276
202626277
202626278
202626279
20262628
202626280
202626281
202626282
202626283
202626284
202626286
202626287
202626288
20262629
202626290
202626292
202626294
202626295
202626296
202626297
202626299
2026263
20262630
202626300
202626302
202626307
202626309
20262631
202626310
202626311
202626312
202626314
202626315
202626316
202626317
202626318
20262632
202626320
202626321
202626322
202626323
202626325
202626326
202626328
20262633
202626331
202626332
202626334
202626335
202626336
202626338
202626339
20262634
202626340
202626341
202626342
202626343
202626345
202626346
202626347
202626348
202626349
20262635
202626351
202626352
202626353
202626355
202626356
20262636
202626360
202626361
202626362
202626363
202626364
202626365
202626366
202626367
202626368
202626369
20262637
202626370
202626372
202626373
202626374
202626375
202626376
202626377
202626378
202626379
20262638
202626381
202626382
202626383
202626384
202626385
202626387
202626388
202626389
20262639
202626390
202626391
202626392
202626393
202626394
202626395
202626397
202626398
202626399
2026264
20262640
202626400
202626401
202626402
202626403
202626404
202626405
202626406
202626407
202626408
202626409
20262641
202626411
202626412
202626413
202626414
202626415
202626416
202626417
202626418
20262642
202626421
202626423
202626424
202626425
202626426
202626427
202626428
202626429
20262643
202626430
202626431
202626432
202626433
202626434
202626435
202626436
202626437
202626439
20262644
202626440
202626441
202626442
202626444
202626445
202626446
202626447
202626449
20262645
202626450
202626451
202626452
202626453
202626454
202626455
202626456
202626457
202626459
20262646
202626460
202626461
202626462
202626463
202626464
202626465
202626466
202626467
202626469
20262647
202626470
202626472
202626473
202626474
202626476
202626477
202626478
202626479
20262648
202626480
202626481
202626482
202626484
202626485
202626486
202626487
202626488
202626489
20262649
202626490
202626491
202626492
202626493
202626494
202626495
202626496
202626497
2026265
20262650
202626500
202626502
202626503
202626505
202626506
202626507
202626509
20262651
202626510
202626511
202626512
202626513
202626514
202626515
202626516
202626517
202626518
202626519
20262652
202626520
202626522
202626523
202626524
202626525
202626526
202626527
202626528
202626529
20262653
202626530
202626531
202626532
202626533
202626534
202626535
202626537
202626538
202626539
20262654
202626540
202626541
202626542
202626543
202626544
202626545
202626546
202626547
202626548
202626549
20262655
202626553
202626554
202626555
202626556
202626557
202626558
202626559
20262656
202626561
202626562
202626563
202626564
202626565
202626566
202626568
202626569
20262657
202626570
202626572
202626573
202626574
202626575
202626576
202626578
202626579
20262658
202626581
202626582
202626583
202626584
202626585
202626587
20262659
202626590
202626592
202626593
202626594
202626598
20262660
202626600
202626601
202626602
202626603
202626608
202626609
20262661
202626611
202626613
202626614
202626615
202626616
202626617
202626618
202626619
20262662
202626620
202626621
202626623
202626624
202626626
202626627
202626628
202626629
20262663
202626630
202626631
202626632
202626634
202626635
202626636
202626637
202626638
20262664
202626640
202626642
202626643
202626644
202626645
202626646
202626647
202626648
202626649
20262665
202626650
202626651
202626652
202626654
202626656
202626657
202626658
202626659
20262666
202626660
202626661
202626662
202626663
202626664
202626665
202626666
202626668
202626669
20262667
202626672
202626673
202626675
202626677
202626678
202626679
20262668
202626680
202626681
202626682
202626683
202626684
202626685
202626686
202626687
202626688
202626689
20262669
202626690
202626691
202626692
202626693
202626694
202626695
202626696
202626697
202626698
202626699
2026267
20262670
202626700
202626701
202626702
202626703
202626705
202626707
202626708
202626709
20262671
202626710
202626711
202626712
202626714
202626715
202626716
202626717
20262672
202626720
202626721
202626723
202626724
202626726
202626727
202626728
202626729
20262673
202626730
202626731
202626733
202626734
202626735
202626737
202626738
20262674
202626741
202626742
202626743
202626746
202626748
202626749
20262675
202626750
202626751
202626752
202626753
202626754
202626755
202626756
202626757
202626758
202626760
202626761
202626762
202626764
202626765
202626767
202626768
202626769
20262677
202626770
202626771
202626773
202626774
202626775
202626776
202626777
202626778
20262678
202626780
20262679
20262680
20262681
20262682
20262683
20262684
20262685
20262687
20262688
20262689
20262690
20262692
20262693
20262694
20262696
202626964
202626965
202626967
202626968
202626969
20262697
202626970
202626971
202626972
202626975
202626977
202626978
202626979
20262698
202626981
202626982
202626983
202626984
202626985
202626986
202626987
202626988
202626989
20262699
202626990
202626991
202626992
202626993
202626994
202626995
202626996
202626997
202626998
202626999
202627
202627000
202627001
202627002
202627003
202627004
202627005
202627006
202627007
202627008
202627009
20262701
202627010
202627011
202627013
202627014
202627015
202627016
202627017
202627018
202627019
20262702
202627020
202627021
202627022
202627023
202627024
202627025
202627026
202627027
202627028
202627029
202627030
202627031
202627032
202627033
202627034
202627035
202627036
202627037
202627038
202627039
202627040
202627041
202627042
202627043
202627044
202627045
202627046
202627047
202627048
202627049
20262705
202627050
202627051
202627052
202627053
202627054
202627055
202627056
202627057
202627058
202627059
20262706
202627060
202627061
202627062
202627063
202627064
202627065
202627066
202627067
202627068
202627069
20262707
202627070
202627071
202627072
202627073
202627074
202627075
202627076
202627077
202627078
202627079
20262708
202627080
202627081
202627082
202627083
202627084
202627085
202627087
202627088
202627089
20262709
202627090
202627091
202627092
202627093
202627094
202627095
202627096
202627097
202627098
202627099
2026271
20262710
202627100
202627101
202627102
202627103
202627104
202627105
202627106
202627107
202627108
202627109
20262711
202627110
202627111
202627112
202627113
202627115
202627116
202627117
202627118
202627119
20262712
202627120
202627121
202627122
202627123
202627124
202627125
202627126
202627127
202627128
202627129
20262713
202627130
202627131
202627132
202627133
202627134
202627135
202627136
202627137
202627138
202627139
20262714
202627140
202627141
202627142
202627143
202627144
202627145
202627146
202627147
202627148
202627149
20262715
202627150
202627151
202627152
202627153
202627154
202627155
202627156
202627157
202627158
202627159
20262716
202627160
202627161
202627162
202627163
202627164
202627165
202627166
202627167
202627168
202627169
20262717
202627170
202627171
202627172
202627173
202627174
202627175
202627176
202627177
202627178
20262718
202627180
202627181
202627182
202627183
202627184
202627185
202627186
202627187
202627188
202627189
20262719
202627190
202627191
202627192
202627193
202627194
202627195
202627196
202627197
202627198
202627199
20262720
202627201
202627202
202627203
202627204
202627205
202627206
202627207
202627208
202627209
20262721
202627210
202627211
202627212
202627213
202627214
202627215
202627216
202627217
202627218
202627219
20262722
202627220
202627221
202627222
202627223
202627224
202627225
202627226
202627227
202627228
202627229
20262723
202627230
202627231
202627232
202627233
202627234
202627235
202627236
202627237
202627238
202627239
202627240
202627241
202627242
202627243
202627244
202627245
202627246
202627247
202627248
202627249
20262725
202627250
202627251
202627252
202627253
202627254
202627255
202627256
202627257
202627258
202627259
202627260
202627261
202627262
202627263
202627264
202627265
202627266
202627267
202627268
202627269
20262727
202627270
202627271
202627272
202627273
202627274
202627275
202627276
202627277
202627278
202627279
20262728
202627280
202627281
202627282
202627283
202627284
202627285
202627286
202627287
202627288
202627289
20262729
202627290
202627291
202627292
202627293
202627294
202627295
202627296
202627297
202627298
202627299
2026273
20262730
202627300
202627301
202627302
202627303
202627304
202627305
202627306
202627307
202627308
202627309
20262731
202627310
202627311
202627312
202627314
202627315
202627316
202627318
202627319
202627320
202627321
202627322
202627323
202627324
202627325
202627326
202627327
202627328
202627329
20262733
202627330
202627331
202627333
202627334
202627335
202627336
202627337
202627338
202627339
20262734
202627340
202627341
202627342
202627343
202627344
202627345
202627346
202627347
202627348
202627349
20262735
202627350
202627351
202627352
202627353
202627354
202627355
202627356
202627357
202627358
202627359
20262736
202627360
202627361
20262738
20262739
2026274
20262741
20262743
20262745
2026275
2026276
202627647
202627648
202627649
202627651
202627654
202627655
202627657
202627658
202627659
202627660
202627662
202627664
202627665
202627666
202627668
202627669
202627670
202627671
202627672
202627673
202627675
202627676
202627678
202627679
202627681
202627682
202627683
202627684
202627685
202627686
202627687
202627689
202627690
202627691
202627692
202627693
202627694
202627695
202627696
202627697
202627698
202627699
2026277
202627700
202627701
202627702
202627703
202627704
202627706
202627707
202627708
202627709
202627710
202627711
202627712
202627713
202627714
202627715
202627716
202627717
202627718
202627719
202627720
202627721
202627722
202627723
202627724
202627725
202627726
202627727
202627728
202627729
202627730
202627731
202627732
202627734
202627735
202627736
202627737
202627738
202627740
202627741
202627742
202627743
202627744
202627745
202627746
202627747
202627748
202627749
202627750
202627751
202627752
202627753
202627754
202627755
202627756
202627757
202627758
202627759
202627760
202627761
202627762
202627763
202627764
202627765
202627766
202627767
202627768
202627769
202627770
202627771
202627772
202627773
202627774
202627775
202627776
202627777
202627778
202627779
202627780
202627781
202627782
202627783
202627784
202627785
202627786
202627787
202627788
202627789
202627790
202627791
202627792
202627793
202627794
202627795
202627796
202627797
202627798
202627799
2026278
202627800
202627801
202627802
202627803
202627804
202627805
202627806
202627807
202627808
202627809
202627810
202627811
202627812
202627813
202627814
202627815
202627816
202627817
202627818
202627819
202627820
202627821
202627822
202627823
202627824
202627825
202627826
202627827
202627828
202627829
202627830
202627831
202627832
202627833
202627834
202627835
202627836
202627837
202627838
202627839
202627840
202627841
202627843
202627844
202627845
202627846
202627847
202627848
202627849
202627850
202627851
202627852
202627853
202627854
202627855
202627856
202627857
202627859
202627860
202627861
202627862
202627863
202627864
202627865
202627866
202627867
202627868
202627869
202627870
202627871
202627872
202627873
202627874
202627875
202627876
202627878
202627879
202627880
202627881
202627882
202627883
202627884
202627885
202627886
202627887
202627888
202627889
202627890
202627891
202627892
202627893
202627894
202627895
202627896
202627897
202627898
202627899
2026279
202627900
202627901
202627902
202627903
202627904
202627905
202627906
202627907
202627908
202627909
202627910
202627911
202627912
202627913
202627914
202627915
202627916
202627917
202627919
202627920
202627921
202627922
202627923
202627924
202627925
202627926
202627927
202627928
202627929
202627930
202627931
202627932
202627933
202627934
202627935
202627936
202627937
202627938
202627939
202627940
202627941
202627942
202627943
202627944
202627945
202627946
202627947
202627948
202627949
202627950
202627951
202627952
202627953
202627954
202627955
202627956
202627957
202627958
202627959
202627960
202627961
202627962
202627963
202627964
202627965
202627966
202627967
202627968
202627969
202627970
202627971
202627972
202627973
202627974
202627975
202627976
202627978
202627979
202627980
202627981
202627982
202627983
202627984
202627985
202627986
202627987
202627988
202627989
202627990
202627991
202627992
202627993
202627994
202627995
202627996
202627997
202627998
202627999
202628
2026280
202628000
202628001
202628002
202628003
202628004
202628005
202628006
202628007
202628008
202628009
202628010
202628011
202628012
202628013
202628015
202628016
202628017
202628018
202628019
202628020
202628021
202628022
202628023
202628024
202628025
202628026
202628027
202628028
202628029
202628030
202628031
202628032
202628033
202628034
202628036
202628037
202628038
202628039
202628040
202628041
202628042
202628043
202628044
202628045
202628046
202628047
202628048
202628049
202628050
202628051
202628052
202628053
202628055
202628056
202628057
202628058
202628059
202628060
202628061
202628062
202628063
202628064
202628065
202628066
202628067
202628068
202628069
202628070
202628071
202628072
2026281
202628168
202628169
202628170
202628171
202628172
202628173
202628174
202628175
202628176
202628177
202628178
202628179
202628180
202628181
202628182
202628183
202628184
202628185
202628186
202628187
202628188
202628189
202628190
202628191
202628192
202628193
202628194
202628196
202628197
202628198
202628199
2026282
202628200
202628201
202628203
202628204
202628205
202628206
202628207
202628208
202628209
202628210
202628211
202628212
202628213
202628214
202628215
202628216
202628217
202628220
202628221
202628223
202628224
202628225
202628226
202628227
202628228
202628230
202628231
202628232
202628233
202628234
202628235
202628236
202628237
202628238
202628239
202628240
202628241
202628242
202628243
202628244
202628245
202628246
202628247
202628248
202628249
202628250
202628251
202628252
202628253
202628254
202628255
202628256
202628257
202628258
202628259
202628260
202628261
202628262
202628263
202628264
202628265
202628266
202628267
202628268
202628269
202628270
202628271
202628272
202628273
202628274
202628275
202628276
202628277
202628278
202628279
202628280
202628281
202628282
202628283
202628284
202628285
202628286
202628287
202628289
202628291
202628292
202628293
202628294
202628295
202628296
202628297
202628298
202628299
2026283
202628300
202628301
202628302
202628303
202628304
202628305
202628306
202628307
202628308
202628309
202628310
202628311
202628312
202628315
202628316
202628317
202628318
202628319
202628320
202628321
202628322
202628323
202628324
202628325
202628326
202628327
202628328
202628329
202628330
202628331
202628332
202628333
202628334
202628335
202628336
202628337
202628338
202628339
202628340
202628341
202628342
202628344
202628345
202628346
202628347
202628348
202628349
202628350
202628351
202628352
202628353
202628354
202628355
202628356
202628357
202628358
202628359
202628360
202628361
202628362
202628363
202628364
202628365
202628366
202628367
202628368
202628369
202628370
202628371
202628372
202628374
202628375
202628376
202628377
202628378
202628379
202628380
202628381
202628382
202628383
202628384
202628385
202628387
202628388
202628389
202628390
202628391
202628392
202628393
202628394
202628395
202628397
202628398
202628399
2026284
202628400
202628401
202628402
202628403
202628404
202628405
202628406
202628407
202628408
202628409
202628411
202628412
202628413
202628414
202628415
202628416
202628417
202628418
202628419
202628420
202628422
202628423
202628425
202628426
202628427
202628428
202628429
202628430
202628432
202628433
202628434
202628435
202628436
202628437
202628439
202628440
202628441
202628442
202628444
202628445
202628446
202628448
202628449
202628450
202628451
202628452
202628453
202628455
202628458
202628459
202628460
202628461
202628462
202628463
202628464
202628465
202628466
202628467
202628468
202628469
202628470
202628471
202628472
202628473
202628474
202628475
202628476
202628477
202628478
202628479
202628480
202628481
202628482
202628483
202628485
202628486
202628487
202628488
202628489
202628490
202628491
202628492
202628493
202628494
202628495
202628496
202628497
202628498
202628499
2026285
202628500
202628501
202628502
202628503
202628504
202628505
202628506
202628507
202628508
202628509
202628510
202628511
202628512
202628513
202628514
202628515
202628516
202628517
202628518
202628519
202628520
202628521
202628522
202628523
202628524
202628525
202628526
202628527
202628528
202628529
202628530
202628531
202628532
202628534
202628535
202628536
202628537
202628538
202628539
202628540
202628541
202628542
202628544
202628545
202628546
202628548
202628549
202628552
202628553
202628554
202628555
202628557
202628558
202628560
202628561
202628562
202628563
202628564
202628565
202628566
202628567
202628568
202628569
202628570
202628572
202628573
202628574
202628576
202628577
202628578
202628579
202628580
202628581
202628582
202628583
202628585
202628586
202628587
202628588
202628589
202628590
202628591
202628592
202628593
202628594
202628595
202628596
202628597
202628599
2026286
202628600
202628602
202628605
202628606
202628608
202628609
202628610
202628611
202628613
202628614
202628615
202628616
202628617
202628619
202628620
202628622
202628623
202628624
202628625
202628626
202628627
202628628
202628629
202628631
202628634
202628635
202628636
202628637
202628638
202628639
202628640
202628643
202628644
202628645
202628646
202628647
202628649
202628650
202628651
202628652
202628653
202628656
202628657
202628659
202628664
202628665
202628666
202628667
202628668
202628670
202628671
202628672
202628673
202628674
202628676
202628677
202628682
202628683
202628684
202628685
202628687
202628689
202628690
202628691
202628692
202628695
202628697
202628698
202628699
2026287
202628700
202628702
202628704
202628705
202628707
202628708
202628710
202628711
202628713
202628715
202628717
202628718
202628719
202628721
202628723
202628724
202628725
202628726
202628727
202628728
202628729
202628730
202628731
202628732
202628733
202628735
202628737
202628738
202628739
202628741
202628742
202628743
202628744
202628745
202628746
202628747
202628748
202628749
202628750
202628752
202628753
202628755
202628756
202628757
202628758
202628759
202628760
202628761
202628762
202628764
202628765
202628766
202628767
202628768
202628769
202628770
202628771
202628772
202628773
202628778
202628779
202628780
202628781
202628782
202628783
202628784
202628785
202628786
202628788
202628790
202628793
202628794
202628795
202628796
202628797
202628798
202628799
2026288
202628800
202628801
202628802
202628803
202628804
202628806
202628808
202628810
202628811
202628812
202628813
202628814
202628815
202628816
202628817
202628818
202628819
202628821
202628822
202628825
202628826
202628827
202628828
202628829
202628830
202628831
202628833
202628835
202628836
202628837
202628838
202628839
202628840
202628841
202628842
202628844
202628845
202628846
202628847
202628848
202628849
202628851
202628852
202628854
202628855
202628856
202628857
202628859
202628860
202628861
202628862
202628863
202628864
202628865
202628866
202628867
202628868
202628869
202628871
202628872
202628873
202628874
202628875
202628877
202628878
202628881
202628882
202628883
202628884
202628885
202628886
202628887
202628888
202628889
202628891
202628892
202628893
202628894
202628896
202628897
202628898
2026289
202628901
202629
2026290
202629058
202629059
202629060
202629061
202629062
202629063
202629064
202629065
202629066
202629067
202629068
202629069
202629070
202629071
202629072
202629073
202629075
202629076
202629077
202629079
202629080
202629082
202629083
202629084
202629085
202629086
202629087
202629088
202629089
202629090
202629091
202629092
202629093
202629094
202629095
202629098
202629099
2026291
20262910
202629100
202629101
202629102
202629103
202629104
202629105
202629106
202629107
202629108
202629109
20262911
202629110
202629111
202629112
202629113
202629114
202629115
202629116
202629117
202629118
202629119
20262912
202629120
202629121
202629122
202629123
202629124
202629125
202629126
202629127
202629128
202629129
20262913
202629130
202629131
202629132
202629133
202629134
202629135
202629137
202629138
202629139
20262914
202629140
202629141
202629142
202629143
202629145
202629146
202629147
202629148
202629149
20262915
202629150
202629151
202629153
202629154
202629155
202629156
202629157
202629158
202629159
20262916
202629161
202629162
202629163
202629165
202629167
202629169
20262917
202629170
202629172
202629173
202629174
202629175
202629176
202629177
202629178
202629179
20262918
202629180
202629181
202629182
202629183
202629184
202629186
202629187
202629188
202629189
20262919
202629190
202629191
202629192
202629193
202629194
202629195
202629196
202629197
202629198
202629199
2026292
20262920
202629200
202629201
202629202
202629203
202629204
202629205
202629206
202629207
202629208
202629209
20262921
202629210
202629211
202629212
202629213
202629215
202629216
202629217
202629218
202629219
20262922
202629220
202629221
202629222
202629223
202629224
202629226
202629227
202629229
202629230
202629231
202629232
202629233
202629234
202629235
202629236
202629237
202629238
202629239
20262924
202629240
202629242
202629243
202629244
202629245
202629246
202629247
202629248
202629249
20262925
202629250
202629251
202629252
202629253
202629255
202629256
202629258
202629259
20262926
202629260
202629261
202629262
202629267
202629268
202629269
20262927
202629270
202629271
202629272
202629273
202629275
202629277
202629278
202629279
20262928
202629281
202629282
202629284
202629285
202629286
202629287
202629288
202629289
20262929
202629290
202629291
202629292
202629293
202629294
202629295
202629296
202629297
202629298
202629299
2026293
202629300
202629301
202629302
202629303
202629304
202629305
202629306
202629307
202629308
202629309
20262931
202629310
202629311
202629312
202629313
202629314
202629315
202629316
202629317
202629318
202629319
20262932
202629320
202629321
202629322
202629323
202629324
202629325
202629326
202629327
202629328
202629329
20262933
202629330
202629331
202629332
202629333
202629334
202629335
202629337
202629338
202629339
20262934
202629340
202629341
202629342
202629343
202629344
202629345
202629346
202629347
202629348
202629349
20262935
202629350
202629351
202629352
202629353
202629354
202629355
202629356
202629357
202629358
202629359
20262936
202629360
202629361
202629362
202629363
202629364
202629365
202629366
202629367
202629368
202629369
20262937
202629370
202629371
202629372
202629373
202629374
202629375
202629376
202629377
202629378
202629379
20262938
202629380
202629381
202629382
202629383
202629384
202629385
202629386
202629387
202629388
202629389
202629390
202629391
202629392
202629393
202629395
202629398
202629399
2026294
20262940
202629400
202629401
202629402
202629403
202629404
202629405
202629406
202629407
202629408
202629409
20262941
202629410
202629411
202629412
202629413
202629414
202629415
202629416
202629417
202629418
202629419
20262942
202629420
202629421
202629422
202629423
202629424
202629426
202629427
202629428
202629429
20262943
202629430
202629431
202629432
202629433
202629434
202629435
202629436
202629439
20262944
202629440
202629441
202629442
202629443
202629444
202629445
202629446
202629447
202629448
202629449
20262945
202629450
202629451
202629452
202629453
202629454
202629455
202629456
202629457
202629458
202629459
20262946
202629460
202629461
202629462
202629463
202629464
202629465
202629467
202629468
202629469
20262947
202629470
202629471
202629472
202629473
202629474
202629475
202629476
202629477
202629478
202629479
20262948
202629480
202629481
202629482
202629483
202629484
202629485
202629486
202629487
202629488
202629489
20262949
202629490
202629491
202629492
202629493
202629494
202629495
202629496
202629497
202629498
202629499
2026295
20262950
202629500
202629501
202629502
202629503
202629504
202629505
202629506
202629507
202629508
202629509
20262951
202629510
202629511
202629512
202629513
202629514
202629515
202629516
202629517
202629518
202629519
20262952
202629520
202629521
202629522
202629523
202629524
202629526
202629527
202629528
202629529
20262953
202629530
202629531
202629532
202629533
202629535
202629536
202629537
202629538
202629539
20262954
202629540
202629541
202629542
202629543
202629544
202629545
202629546
202629547
202629548
20262955
202629550
202629551
202629552
202629553
202629554
202629555
202629557
202629558
202629559
20262956
202629561
202629562
202629563
202629565
202629566
202629567
202629568
202629569
20262957
202629570
202629571
202629572
202629573
202629574
202629575
202629576
202629578
202629579
20262958
202629580
202629581
202629582
202629583
202629584
202629585
202629586
202629587
202629588
202629589
20262959
202629590
202629591
202629592
202629593
202629594
202629595
202629596
202629597
202629598
202629599
2026296
20262960
202629600
202629601
202629602
202629603
202629604
202629605
202629606
202629607
202629608
202629609
20262961
202629610
202629611
202629612
202629613
202629614
202629615
202629616
202629617
202629618
202629619
20262962
202629620
202629621
202629622
202629623
202629624
202629625
202629626
202629627
202629628
202629629
20262963
202629630
202629631
202629632
202629633
202629634
202629635
202629636
202629637
202629638
202629639
20262964
202629640
202629641
202629642
202629643
202629644
202629645
202629646
202629648
202629649
20262965
202629650
202629651
202629652
202629653
202629655
202629656
202629657
202629658
202629659
20262966
202629660
202629661
202629662
202629663
202629664
202629665
202629666
202629667
202629668
202629669
20262967
202629670
202629671
202629672
202629673
202629674
202629675
202629676
202629678
202629679
20262968
202629680
202629681
202629682
202629683
202629684
202629685
202629686
202629688
202629689
20262969
202629690
202629691
202629692
202629693
202629696
202629698
202629699
2026297
20262970
202629700
202629701
202629702
202629703
202629706
202629707
202629708
202629709
20262971
202629710
202629712
202629713
202629715
202629716
202629717
202629718
202629719
20262972
202629720
202629722
202629723
202629724
202629725
202629726
202629727
202629729
20262973
202629730
202629731
202629734
202629735
202629736
202629737
202629738
202629739
20262974
202629740
202629741
202629742
202629744
202629746
202629749
20262975
202629750
202629751
202629754
202629755
202629756
202629758
20262976
202629760
202629762
202629763
202629764
202629765
202629766
202629768
202629769
202629770
202629772
202629773
202629774
202629775
20262978
20262979
2026298
20262980
20262981
20262982
20262983
20262984
20262985
20262986
20262987
20262988
20262989
2026299
20262990
20262991
20262992
20262993
20262994
20262995
20262996
20262997
20262998
202630
2026300
20263000
20263002
20263003
202630050
202630052
202630053
202630054
202630055
202630056
202630057
202630059
20263006
202630060
202630061
202630065
202630066
202630067
202630068
202630069
202630070
202630071
202630072
202630073
202630074
202630075
202630076
202630077
202630078
202630079
20263008
202630080
202630081
202630082
202630084
202630085
202630086
202630087
20263009
202630090
202630091
202630094
202630095
202630096
202630098
2026301
202630100
202630101
202630102
202630103
202630104
202630105
202630106
202630108
202630109
202630110
202630111
202630112
202630114
202630115
202630116
202630117
202630118
202630120
202630121
202630123
202630125
202630127
202630128
202630129
202630130
202630131
202630133
202630134
202630135
202630136
202630137
202630138
202630139
202630142
202630143
202630144
202630146
202630147
202630148
202630149
202630150
202630151
202630153
202630154
202630155
202630156
202630157
202630159
202630160
202630162
202630163
202630165
202630166
202630167
202630168
202630169
202630171
202630176
202630178
202630179
202630186
202630187
202630188
202630189
202630190
202630192
202630193
202630194
202630195
202630196
202630197
202630198
202630199
2026302
202630200
202630201
202630202
202630203
202630204
202630206
202630209
202630210
202630212
202630213
202630214
202630215
202630216
202630217
202630218
202630220
202630224
202630225
202630226
202630227
202630230
202630231
202630232
202630233
202630234
202630235
202630236
202630238
202630239
202630240
202630241
202630242
202630243
202630244
202630245
202630246
202630247
202630248
202630249
202630250
202630251
202630252
202630253
202630254
202630256
202630257
202630258
202630259
202630260
202630261
202630262
202630263
202630265
202630266
202630267
202630268
202630270
202630271
202630272
202630273
202630275
202630276
202630277
202630279
202630281
202630282
202630283
202630284
202630285
202630287
202630288
202630289
202630290
202630292
202630293
202630294
202630295
202630296
202630297
202630298
202630299
2026303
202630300
202630301
202630302
202630304
202630306
202630307
202630310
202630311
202630312
202630314
202630316
202630318
202630319
202630321
202630323
202630324
202630325
202630326
202630327
202630328
202630329
202630331
202630334
202630336
202630337
202630340
202630342
202630343
202630344
202630345
202630346
202630347
202630348
202630350
202630351
202630352
202630353
202630354
202630355
202630356
202630357
202630358
202630359
202630361
202630362
202630363
202630364
202630366
202630369
202630370
202630372
202630373
202630374
202630376
202630377
202630379
202630381
202630382
202630384
202630386
202630387
202630388
202630389
202630390
202630391
202630392
202630394
202630395
202630396
202630397
202630398
202630399
2026304
202630400
202630401
202630402
202630404
202630406
202630408
202630409
202630410
202630411
202630412
202630414
202630416
202630417
202630418
202630419
202630420
202630423
202630426
202630427
202630428
202630429
202630430
202630431
202630433
202630434
202630435
202630436
202630437
202630438
202630439
202630440
202630441
202630442
202630444
202630445
202630446
202630448
202630449
202630450
202630451
202630452
202630453
202630454
202630455
202630456
202630457
202630458
202630459
202630460
202630461
202630462
202630463
202630464
202630465
202630467
202630468
202630469
202630470
202630471
202630472
202630473
202630474
202630475
202630476
202630477
202630478
202630479
202630481
202630482
202630483
202630484
202630485
202630486
202630487
202630488
202630489
202630490
202630491
202630492
202630493
202630494
202630495
202630496
202630497
202630498
202630499
2026305
202630500
202630501
202630502
202630504
202630505
202630506
202630508
202630509
202630512
202630513
202630514
202630515
202630516
202630517
202630518
202630519
202630520
202630545
202630546
202630547
202630550
202630553
202630554
202630556
202630558
202630561
202630562
202630564
202630565
202630566
202630568
202630569
202630570
202630571
202630572
202630573
202630576
202630577
202630579
202630580
202630581
202630583
202630587
202630590
202630592
202630593
202630595
202630596
202630599
2026306
202630600
202630601
202630604
202630605
202630606
202630607
202630608
202630609
202630610
202630611
202630612
202630613
202630614
202630616
202630617
202630618
202630619
202630620
202630621
202630622
202630623
202630624
202630625
202630626
202630627
202630628
202630629
202630630
202630631
202630632
202630633
202630634
202630635
202630636
202630637
202630638
202630639
202630640
202630641
202630642
202630644
202630645
202630646
202630648
202630649
202630653
202630657
202630664
202630665
202630666
202630667
202630669
202630671
202630672
202630673
202630674
202630675
202630676
202630677
202630678
202630681
202630682
202630683
202630687
202630688
202630689
202630690
202630691
202630694
202630695
202630696
202630697
202630698
2026307
202630700
202630701
202630706
202630707
202630708
202630709
202630711
202630712
202630713
202630714
202630715
202630717
202630719
202630720
202630722
202630724
202630729
202630730
202630734
202630736
202630738
202630740
202630742
202630743
202630744
202630745
202630746
202630747
202630749
202630752
202630753
202630755
202630756
202630757
202630758
202630759
202630762
202630763
202630764
202630765
202630766
202630767
202630768
202630770
202630771
202630772
202630773
202630774
202630775
202630777
202630778
202630779
202630780
202630781
202630782
202630783
202630784
202630785
202630786
202630787
202630788
202630790
202630791
202630792
202630793
202630796
202630797
202630798
202630799
2026308
202630800
202630801
202630802
202630803
202630804
202630805
202630806
202630807
202630808
202630809
202630810
202630811
202630813
202630814
202630815
202630816
202630817
202630818
202630819
202630820
202630821
202630822
202630824
202630827
202630828
202630830
202630835
202630836
202630845
202630846
202630847
202630848
202630849
202630850
202630851
202630855
202630857
202630858
202630863
202630865
202630866
202630868
202630870
202630872
202630873
202630874
202630875
202630879
202630881
202630882
202630883
202630885
202630886
202630887
202630888
202630891
202630892
202630893
202630894
202630895
202630897
2026309
202630900
202630902
202630903
202630904
202630905
202630906
202630907
202630909
202630910
202630911
202630912
202630913
202630917
202630918
202630919
202630920
202630921
202630924
202630925
202630926
202630927
202630928
202630929
202630931
202630932
202630933
202630935
202630937
202630938
202630939
202630941
202630942
202630944
202630945
202630946
202630947
202630948
202630949
202630950
202630951
202630952
202630953
202630954
202630955
202630956
202630965
202630967
202630968
202630969
202630971
202630972
202630973
202630974
202631
2026310
2026311
202631178
202631179
202631180
202631181
202631182
202631183
202631184
202631185
202631186
202631187
202631188
202631189
202631190
202631192
202631193
202631194
202631195
202631196
202631197
202631198
202631199
2026312
202631200
202631201
202631202
202631203
202631204
202631205
202631206
202631207
202631208
202631209
202631210
202631211
202631212
202631213
202631214
202631215
202631216
202631217
202631218
202631219
202631220
202631221
202631222
202631223
202631224
202631230
202631232
202631242
2026313
2026314
202631463
202631465
202631466
202631468
202631469
202631470
202631471
202631472
202631473
202631475
202631476
202631477
202631479
202631482
202631483
202631484
202631485
202631486
202631487
202631488
202631491
202631492
202631494
202631495
202631496
202631498
202631499
2026315
202631500
202631502
202631503
202631504
202631508
202631510
202631511
202631512
202631513
202631515
202631519
202631520
202631522
202631523
202631527
202631528
202631529
202631530
202631534
202631536
202631537
202631538
202631539
202631540
202631541
202631542
202631543
202631544
202631546
202631547
202631548
202631549
202631552
202631553
202631554
202631555
202631556
202631558
202631559
202631560
202631561
202631562
202631563
202631564
202631565
202631567
202631568
202631570
202631571
202631572
202631574
202631575
202631576
202631577
202631578
202631579
202631580
202631582
202631583
202631584
202631587
202631588
202631589
202631590
202631591
202631592
202631594
202631595
202631596
202631597
202631598
202631599
2026316
202631600
202631602
202631603
202631605
202631606
202631608
202631609
202631613
202631614
202631616
202631617
202631618
202631619
202631620
202631621
202631623
202631624
202631625
202631626
202631627
202631628
202631629
202631631
202631633
202631634
202631636
202631637
202631638
202631640
202631641
202631642
202631643
202631644
202631645
202631646
202631647
202631649
202631650
202631652
202631653
202631654
202631655
202631656
202631657
202631658
202631662
202631663
202631664
202631665
202631666
202631667
202631669
202631670
202631672
202631674
202631676
202631677
202631678
202631679
202631680
202631681
202631682
202631683
202631684
202631685
202631686
202631687
202631688
202631689
202631690
202631693
202631694
202631698
2026317
20263170
202631700
202631701
202631702
202631703
202631704
202631705
202631706
202631708
202631709
20263171
202631710
202631711
202631712
202631714
202631715
202631718
202631719
20263172
202631720
202631721
202631722
202631723
202631724
202631726
202631728
202631729
20263173
202631730
202631731
202631733
202631734
202631735
202631736
202631737
202631738
202631739
20263174
202631740
202631741
202631742
202631743
202631744
202631745
202631748
202631749
20263175
202631752
202631754
202631756
202631758
202631759
202631760
202631761
202631763
202631764
202631765
202631766
202631768
202631769
202631770
202631771
202631772
202631774
202631775
202631776
202631778
202631779
202631780
202631781
202631782
202631783
202631784
202631785
202631786
202631787
202631788
202631791
202631792
202631793
202631798
202631799
2026318
202631802
202631804
202631806
202631807
202631809
202631811
202631812
202631813
202631814
202631815
202631817
202631818
202631819
202631820
202631821
202631822
202631823
202631824
202631825
202631826
202631827
202631828
202631831
202631833
202631834
202631835
202631836
202631837
202631838
202631839
202631840
202631841
202631842
202631843
202631845
202631847
202631849
202631850
202631851
202631852
202631853
202631854
202631856
202631857
202631858
202631859
202631860
202631861
202631862
202631863
202631864
202631865
202631866
202631867
202631868
202631869
202631870
202631871
202631872
202631873
202631875
202631876
202631877
202631880
202631882
202631884
202631885
202631886
202631887
202631888
202631890
202631892
202631893
202631894
202631895
202631896
202631897
202631898
202631899
2026319
202631900
202631902
202631903
202631904
202631905
202631906
202631908
202631910
202631911
202631912
202631913
202631914
202631916
202631917
202631918
202631919
202631920
202631921
202631922
202631923
202631924
202631925
202631926
202631927
202631928
202631929
202631931
202631932
202631933
202631934
202631935
202631936
202631937
202631939
202631940
202631941
202631942
202631943
202631944
202631945
202631946
202631947
202631948
202631949
202631950
202631951
202631952
202631953
202631954
202631955
202631956
202631957
202631958
202631959
202631960
202631961
202631962
202631963
202631964
202631965
202631968
202631969
202631970
202631971
202631972
202631973
202631974
202631975
202631976
202631977
202631978
202631980
202631981
202631982
202631983
202631984
202631985
202631986
202631987
202631988
202631989
202631990
202631991
202631992
202631993
202631994
202631995
202631996
202631997
202631998
202631999
202632
2026320
202632000
202632001
2026321
202632105
202632107
202632108
202632110
202632111
202632113
202632116
202632121
202632122
202632125
202632126
202632127
202632128
202632129
202632133
202632134
202632135
202632138
202632139
202632142
202632143
202632145
202632146
202632147
202632148
202632149
202632150
202632151
202632154
202632161
202632164
202632165
202632167
202632168
202632171
202632173
202632177
202632182
202632184
202632185
202632186
202632187
202632188
202632190
202632192
202632193
202632194
202632196
2026322
202632200
202632203
202632204
202632208
202632210
202632211
202632213
202632221
202632225
202632226
202632228
202632229
202632231
202632232
202632233
202632234
202632235
202632236
202632238
202632240
202632241
202632247
202632248
202632250
202632251
202632253
202632254
202632261
202632262
202632264
202632265
202632268
202632269
202632273
202632274
202632275
202632277
202632278
202632279
202632280
202632281
202632284
202632285
202632286
202632287
202632290
202632291
202632292
202632293
202632294
202632295
202632296
202632297
202632298
202632299
2026323
202632300
202632302
202632303
202632305
202632306
202632307
202632308
202632310
202632311
202632312
202632313
202632314
202632315
202632316
202632317
202632321
202632322
202632326
202632328
202632331
202632333
202632335
202632337
202632338
202632349
202632355
202632356
202632357
202632358
202632359
202632360
202632361
202632362
202632363
202632364
202632367
202632368
202632369
202632370
202632371
202632375
202632376
202632378
202632379
202632380
202632381
202632384
202632386
202632387
202632388
202632389
202632390
202632391
202632392
202632396
202632399
2026324
202632400
202632402
202632403
202632406
202632408
202632409
202632411
202632414
202632415
202632419
202632422
202632423
202632424
202632425
202632428
202632431
202632432
202632433
202632434
202632435
202632436
202632437
202632438
202632440
202632441
202632442
202632444
202632447
202632453
202632456
202632458
202632460
202632468
202632472
202632477
202632478
202632479
202632481
202632484
202632488
202632489
202632494
202632499
2026325
202632505
202632509
202632523
2026327
2026328
202633
2026330
2026331
202633175
2026332
202633226
2026333
2026334
2026335
2026337
2026338
202634
2026340
2026341
2026342
2026343
2026344
2026345
2026347
2026348
2026349
202635
2026350
20263503
20263504
20263505
20263506
20263507
20263508
20263509
2026351
20263510
20263511
20263512
20263513
20263514
20263515
20263516
20263517
20263518
20263519
2026352
20263520
20263521
20263522
20263523
20263524
20263525
20263526
20263527
20263528
20263529
2026353
20263530
20263531
20263532
20263533
20263534
20263535
20263536
20263537
20263538
20263539
2026354
20263540
20263541
20263542
20263543
20263544
20263546
20263547
20263548
2026355
20263550
20263551
20263552
20263553
20263554
20263555
20263557
20263558
20263559
2026356
20263560
20263561
20263562
20263563
20263564
20263565
202635658
20263566
20263567
20263568
202635683
20263569
2026357
20263570
20263571
20263572
20263573
20263575
20263576
20263577
20263578
20263579
2026358
20263580
20263581
20263583
20263584
20263585
20263586
20263587
20263588
20263589
2026359
20263590
20263591
20263592
20263593
20263594
20263595
20263596
20263597
20263598
20263599
202636
2026360
20263600
20263601
20263602
20263604
20263605
20263606
20263607
20263608
20263609
2026361
20263610
20263611
20263612
20263613
20263614
20263615
20263616
20263617
20263619
2026362
20263620
20263621
20263622
20263623
20263624
20263625
20263626
20263627
20263628
20263629
2026363
20263630
20263631
20263632
20263633
20263634
20263635
202636357
20263636
20263637
20263639
2026364
20263640
20263641
202636412
20263642
20263643
20263644
20263645
20263646
20263647
20263648
20263649
2026365
20263650
20263651
20263652
20263653
20263654
20263655
20263656
20263657
20263658
20263659
2026366
20263660
20263661
20263662
20263663
20263664
20263665
20263666
20263667
20263668
20263669
2026367
20263670
20263671
20263672
20263673
20263675
20263676
20263677
20263678
20263679
2026368
20263680
20263681
20263682
20263683
20263684
20263685
20263686
20263687
20263688
20263689
2026369
20263690
20263691
20263692
20263693
20263694
20263695
20263696
20263697
20263698
20263699
202637
2026370
20263700
20263701
20263702
20263703
20263704
202637047
20263705
20263706
20263707
20263708
20263709
2026371
20263710
20263711
20263712
20263713
20263714
20263715
20263716
20263717
20263718
20263719
2026372
20263720
20263721
20263722
20263723
20263724
20263725
20263726
20263727
20263728
20263729
2026373
20263730
20263731
20263732
20263733
20263734
20263735
20263736
20263737
20263738
20263739
2026374
20263740
20263742
20263743
20263744
20263745
20263746
20263747
20263748
20263749
2026375
20263750
20263751
20263752
20263753
20263754
20263755
20263756
20263757
20263758
20263759
202637590
2026376
20263760
20263761
20263762
20263763
20263764
20263765
20263766
20263767
20263769
2026377
20263770
20263771
20263773
20263774
20263776
20263777
20263779
2026378
20263780
20263781
20263782
20263783
20263784
20263785
20263786
20263787
20263788
20263789
2026379
20263790
20263791
20263792
20263793
20263794
20263795
20263796
20263797
202637971
20263798
20263799
202638
2026380
20263800
20263801
20263803
20263804
20263805
20263806
20263807
20263808
20263809
2026381
20263810
20263811
20263812
202638123
20263813
202638135
20263814
20263815
20263816
20263817
20263818
20263819
2026382
20263820
20263821
20263822
20263823
20263824
20263825
20263826
20263827
20263828
20263829
20263830
20263831
20263832
20263833
20263834
20263835
20263836
20263837
20263838
20263839
2026384
20263840
20263841
20263842
20263843
20263844
20263845
20263846
202638463
20263847
202638478
20263848
20263849
20263850
20263851
20263852
20263853
20263854
20263855
20263856
202638562
20263857
202638573
20263858
202638580
202638586
20263859
202638590
202638597
2026386
20263860
202638601
202638609
20263861
202638612
20263862
202638623
202638625
202638627
20263863
202638632
202638638
20263864
202638641
20263865
202638653
202638656
202638657
202638659
20263866
20263867
20263868
20263869
2026387
20263870
202638705
20263871
20263872
20263873
20263874
20263875
20263876
20263877
202638775
20263878
20263879
2026388
20263880
20263881
20263882
20263883
20263884
20263885
20263886
20263887
20263888
20263889
2026389
20263890
20263891
20263892
20263893
20263894
20263895
20263896
20263897
20263898
20263899
202639
20263900
20263901
202639016
20263902
20263903
20263904
20263905
20263906
20263907
20263908
20263909
2026391
20263910
20263911
20263912
20263913
20263914
20263915
20263916
20263917
20263918
20263919
2026392
20263920
20263921
20263922
20263923
20263924
20263925
20263926
20263927
20263928
20263929
2026393
20263930
20263931
20263932
20263933
20263934
20263935
20263936
20263937
20263938
20263939
2026394
20263940
20263941
20263942
20263943
20263944
20263945
20263946
20263947
20263948
20263949
2026395
20263950
20263951
20263952
20263953
20263954
20263955
20263956
20263957
20263958
20263959
202639594
2026396
20263960
202639609
20263961
202639615
20263962
20263963
20263964
20263965
20263966
20263967
202639673
202639674
202639677
202639679
20263968
202639681
202639687
20263969
2026397
20263970
20263971
20263972
20263973
20263974
20263975
20263976
20263977
202639773
202639774
202639776
202639778
202639779
20263978
202639780
202639781
202639782
202639783
202639785
202639786
202639787
202639788
202639789
20263979
202639790
202639791
202639792
202639793
202639794
202639795
202639796
202639797
202639798
202639799
2026398
20263980
202639800
202639801
202639803
202639804
202639805
202639806
202639807
202639808
20263981
202639810
202639811
202639812
202639814
202639815
202639816
202639817
202639818
202639819
20263982
202639820
202639821
202639823
202639824
202639825
202639826
202639827
202639828
202639829
20263983
202639830
202639831
202639832
202639833
202639834
202639835
202639837
202639838
202639839
20263984
202639840
202639841
202639842
202639844
202639845
202639846
202639847
202639848
202639849
20263985
202639850
202639853
202639857
202639859
20263986
202639860
202639861
202639862
202639863
202639865
202639866
202639867
202639869
20263987
202639870
202639871
202639872
202639873
202639874
202639875
202639878
202639879
20263988
202639880
202639881
202639882
202639883
202639884
202639885
202639887
202639888
20263989
202639890
202639891
202639893
202639894
202639895
202639896
202639897
202639899
2026399
20263990
202639900
202639901
202639902
202639903
202639904
202639905
202639906
202639907
202639908
202639909
20263991
202639910
202639911
202639912
202639913
202639914
202639915
202639916
202639918
202639919
20263992
202639920
202639921
202639922
202639923
202639924
202639925
202639926
202639927
202639928
20263993
202639930
202639931
202639932
202639933
202639934
202639935
202639938
202639939
202639940
202639941
202639942
202639943
202639944
202639946
202639947
202639948
202639949
20263995
202639950
202639951
202639952
202639953
202639954
202639955
202639956
202639957
202639958
202639959
20263996
202639960
202639961
202639962
202639963
202639964
202639965
202639966
202639967
202639968
202639969
20263997
202639970
202639971
202639972
202639973
202639974
202639975
202639976
202639977
202639978
202639979
20263998
202639980
202639981
202639982
202639983
202639984
202639985
202639986
202639988
202639989
20263999
202639990
202639991
202639992
202639993
202639994
202639995
202639996
202639997
202639998
202639999
202640
2026400
20264000
202640000
202640001
202640002
202640003
202640004
202640005
202640006
202640007
202640008
202640009
20264001
202640010
202640011
202640012
202640013
202640014
202640015
202640016
202640017
202640018
202640019
20264002
202640020
202640021
202640022
202640023
202640024
202640025
202640026
202640027
202640028
202640029
20264003
202640030
202640031
202640032
202640033
202640034
202640035
202640036
202640037
202640038
202640039
20264004
202640040
202640041
202640042
202640043
202640044
202640045
202640046
202640047
202640048
202640049
20264005
202640050
202640051
202640052
202640053
202640054
202640055
202640056
202640057
202640058
202640059
20264006
202640060
202640061
202640062
202640064
202640065
202640066
202640067
202640068
202640069
20264007
202640070
202640071
202640072
202640073
202640074
202640075
202640076
202640077
202640078
202640079
20264008
202640080
202640081
202640082
202640083
202640084
202640085
202640086
202640087
202640088
202640089
20264009
202640090
202640091
202640092
202640093
202640094
202640095
202640096
202640097
202640098
202640099
2026401
20264010
202640100
202640101
202640102
202640103
202640104
202640105
202640106
202640107
202640108
202640109
20264011
202640110
202640111
202640112
202640113
202640114
202640115
202640116
202640117
202640118
202640119
20264012
202640120
202640121
202640122
202640123
202640124
202640125
202640126
202640127
202640128
202640129
20264013
202640130
202640131
202640132
202640133
202640134
202640135
202640136
202640137
202640138
202640139
20264014
202640140
202640141
202640143
202640144
202640145
202640146
202640147
202640148
202640149
20264015
202640150
202640151
202640152
202640153
202640154
202640155
202640156
202640157
202640158
202640159
20264016
202640160
202640161
202640162
202640163
202640164
202640165
202640166
202640167
202640168
202640169
20264017
202640170
202640171
202640172
202640173
202640174
202640175
202640176
202640177
202640178
202640179
20264018
202640180
202640181
202640182
202640183
202640184
202640185
202640186
202640187
202640188
202640189
20264019
202640190
202640191
202640192
202640193
202640194
202640195
202640196
202640197
202640198
202640199
2026402
20264020
202640200
202640201
202640202
202640203
202640204
202640205
202640207
202640208
202640209
20264021
202640210
202640211
202640212
202640213
202640214
202640215
202640216
202640217
202640218
202640219
20264022
202640220
202640221
202640222
202640223
202640224
202640225
202640226
202640227
202640228
202640229
20264023
202640230
202640231
202640232
202640234
202640235
202640236
202640237
202640238
202640239
20264024
202640240
202640241
202640242
202640243
202640244
202640246
202640247
202640248
202640249
20264025
202640250
202640251
202640252
202640253
202640254
202640255
202640256
202640257
202640258
202640259
20264026
202640260
202640261
202640262
202640263
202640264
202640265
202640266
202640267
202640268
202640269
20264027
202640270
202640271
202640272
202640273
202640274
202640275
202640276
202640277
202640278
202640279
20264028
202640280
202640281
202640282
202640283
202640284
202640285
202640286
202640287
202640288
202640289
20264029
202640290
202640291
202640292
202640293
202640294
202640295
202640296
202640297
202640298
202640299
2026403
20264030
202640300
202640301
202640302
202640303
202640304
202640305
202640306
202640307
202640308
202640309
20264031
202640310
202640311
202640312
202640313
202640314
202640315
202640316
202640317
202640318
202640319
20264032
202640320
202640321
202640322
202640323
202640324
202640325
202640326
202640327
202640328
202640329
20264033
202640330
202640331
202640333
202640334
202640335
202640336
202640337
202640338
202640339
20264034
202640340
202640341
202640342
202640343
202640344
202640345
202640346
202640347
202640348
202640349
20264035
202640350
202640351
202640352
202640353
202640354
202640355
202640356
202640357
202640358
202640359
20264036
202640360
202640362
202640363
202640364
202640365
202640366
202640367
202640368
202640369
20264037
202640370
202640371
202640372
202640373
202640374
202640375
202640376
202640377
202640378
202640379
20264038
202640380
202640381
202640382
202640383
202640384
202640385
202640386
202640387
202640388
202640389
20264039
202640390
202640391
202640392
202640393
202640394
202640395
202640396
202640397
202640398
202640399
2026404
20264040
202640400
202640402
202640403
202640404
202640405
202640406
202640407
202640408
202640409
20264041
202640410
202640411
202640412
202640413
202640414
202640415
202640416
202640417
202640418
202640419
20264042
202640420
202640421
202640422
202640423
202640424
202640425
202640426
202640427
202640428
202640429
20264043
202640430
202640431
202640432
202640433
202640435
202640436
202640437
202640438
202640439
20264044
202640440
202640441
202640442
202640443
202640444
202640445
202640446
202640447
202640448
202640449
20264045
202640450
202640451
202640452
202640453
202640454
202640455
202640456
202640457
202640458
202640459
20264046
202640460
202640461
202640462
202640463
202640465
202640466
202640467
202640468
202640469
20264047
202640470
202640471
202640472
202640473
202640474
202640475
202640476
202640477
202640478
202640479
20264048
202640480
202640481
202640482
202640483
202640484
202640485
202640486
202640487
202640488
202640489
20264049
202640490
202640491
202640493
202640494
202640495
202640496
202640497
202640498
202640499
2026405
20264050
202640500
202640501
202640502
202640503
202640504
202640505
202640506
202640507
202640508
202640509
20264051
202640510
202640511
202640512
202640513
202640514
202640515
202640516
202640517
202640518
202640519
20264052
202640520
202640521
202640522
202640523
202640524
202640525
202640526
202640527
202640528
202640529
20264053
202640530
202640531
202640532
202640533
202640534
202640535
202640536
202640537
202640538
202640539
20264054
202640540
202640541
202640542
202640543
202640544
202640546
202640547
202640548
202640549
20264055
202640550
202640551
202640552
202640553
202640554
202640555
202640556
202640557
202640558
202640559
20264056
202640560
202640561
202640562
202640563
202640564
202640565
202640566
202640567
202640568
202640569
20264057
202640570
202640571
202640572
202640573
202640574
202640575
202640576
202640577
202640578
202640579
20264058
202640580
202640581
202640582
202640583
202640584
202640585
202640586
202640587
202640588
202640589
20264059
202640590
202640591
202640592
202640593
202640594
202640595
202640596
202640597
202640598
202640599
20264060
202640600
202640601
202640602
202640603
202640604
202640605
202640606
202640607
202640608
202640609
20264061
202640610
202640611
202640612
202640613
202640614
202640615
202640616
202640617
202640618
202640619
20264062
202640620
202640621
202640622
202640623
202640624
202640625
202640626
202640627
202640628
202640629
20264063
202640630
202640631
202640632
202640633
202640634
202640635
202640636
202640637
202640638
202640639
20264064
202640640
202640641
202640642
202640643
202640644
202640645
202640646
202640647
202640648
202640649
20264065
202640650
202640651
202640652
202640653
202640654
202640655
202640656
202640657
202640658
202640659
20264066
202640660
202640661
202640662
202640663
202640664
202640665
202640666
202640667
202640668
202640669
20264067
202640670
202640672
202640673
202640674
202640676
202640677
202640678
202640679
20264068
202640680
202640681
202640682
202640683
202640684
202640685
202640686
202640687
202640688
202640689
20264069
202640690
202640691
202640692
202640693
202640694
202640695
202640696
202640697
202640699
2026407
20264070
202640701
202640702
202640703
202640704
202640705
202640706
202640707
202640708
202640709
20264071
202640710
202640711
202640712
202640713
202640714
202640715
202640716
202640717
202640718
202640719
20264072
202640720
202640721
202640722
202640723
202640724
202640725
202640726
202640727
202640728
202640729
20264073
202640730
202640731
202640732
202640733
202640734
202640735
202640736
202640737
202640738
202640739
20264074
202640740
202640741
202640742
202640743
202640744
202640745
202640746
202640747
202640748
202640749
20264075
202640750
202640751
202640752
202640753
202640754
202640755
202640756
202640757
202640758
202640759
20264076
202640760
202640761
202640763
202640764
202640765
202640766
202640767
202640768
20264077
202640770
202640771
202640772
202640773
202640774
202640775
202640776
202640777
202640778
202640779
20264078
202640780
202640781
202640782
202640784
202640785
202640786
202640788
202640789
20264079
202640790
202640791
202640792
202640794
202640795
202640796
202640797
202640798
202640799
2026408
20264080
202640800
202640801
202640802
202640803
202640804
202640805
202640806
202640807
202640808
202640809
20264081
202640810
202640811
202640812
202640813
202640814
202640815
202640816
202640817
202640818
202640819
20264082
202640821
202640822
20264083
20264084
20264085
20264086
20264087
20264088
20264089
2026409
20264091
20264092
20264093
20264094
20264095
20264096
20264097
20264098
20264099
202641
2026410
20264100
20264101
20264102
20264103
20264104
20264105
20264106
20264107
20264108
20264109
2026411
20264110
20264111
20264112
20264113
20264114
20264115
20264116
20264117
20264118
20264119
2026412
20264120
20264121
20264122
20264123
20264125
20264126
20264127
20264129
2026413
20264130
20264131
20264132
20264133
20264134
20264135
20264136
20264137
20264138
20264139
2026414
20264140
20264141
20264142
20264143
20264144
20264145
20264146
20264147
20264148
20264149
2026415
20264150
20264151
20264152
20264153
20264154
20264155
202641555
202641558
202641559
20264156
202641560
202641562
202641567
202641568
202641569
20264157
202641571
202641572
202641573
202641574
202641575
202641576
202641577
202641578
202641579
20264158
202641580
202641581
202641582
202641583
202641584
202641585
202641588
202641589
20264159
202641590
202641591
202641593
202641594
202641595
202641596
202641597
202641598
202641599
2026416
20264160
202641600
202641601
202641602
202641603
202641604
202641605
202641606
202641607
202641608
202641609
20264161
202641610
202641611
202641612
202641615
202641616
202641617
202641618
202641619
20264162
202641620
202641621
202641622
202641623
202641624
202641625
202641626
202641627
202641628
202641629
20264163
202641630
202641631
202641633
202641634
202641635
202641636
202641639
20264164
202641640
202641641
202641642
202641644
202641645
202641646
202641647
202641649
20264165
202641650
202641652
202641653
202641654
202641655
202641657
202641658
202641659
20264166
202641662
202641663
202641664
202641665
202641666
202641667
202641668
20264167
202641670
202641671
202641672
202641673
202641675
202641676
202641677
202641678
20264168
202641680
202641682
202641683
202641685
202641686
202641687
202641689
20264169
202641690
202641691
202641692
202641693
202641694
202641695
202641696
202641698
202641699
2026417
20264170
202641700
202641701
202641702
202641703
202641705
202641706
202641707
202641708
202641709
20264171
202641710
202641711
202641712
202641713
202641714
202641715
202641716
202641717
20264172
202641722
202641723
202641724
20264173
20264174
20264175
20264176
20264177
20264178
20264179
20264180
20264181
20264182
20264183
20264184
20264186
20264187
202641873
202641874
202641875
202641876
202641877
202641878
202641879
20264188
202641880
202641881
202641882
202641883
202641884
202641885
202641886
202641887
202641888
202641889
20264189
202641890
202641891
202641893
202641894
202641895
202641896
202641897
202641898
202641899
2026419
20264190
202641900
202641901
202641902
202641903
202641904
202641905
202641906
202641907
202641908
202641909
20264191
202641910
202641911
202641912
202641913
202641914
202641915
202641916
202641917
202641918
202641919
20264192
202641920
202641921
202641922
202641923
202641924
202641925
202641926
202641927
202641928
202641929
20264193
202641930
202641931
202641932
202641933
202641934
202641935
202641936
202641937
202641938
202641939
20264194
202641940
202641941
202641942
202641943
202641944
202641945
202641946
202641947
202641948
202641949
20264195
202641950
202641952
202641953
202641954
202641955
202641956
202641957
202641958
202641959
20264196
202641960
202641961
202641962
202641963
202641964
202641965
202641966
202641967
202641968
202641969
20264197
202641970
202641971
202641972
202641973
202641974
202641975
202641976
202641977
202641978
202641979
20264198
202641980
202641981
202641982
202641983
202641984
202641985
202641986
202641987
202641988
202641989
20264199
202641990
202641991
202641992
202641993
202641994
202641995
202641996
202641997
202641998
202641999
202642
2026420
20264200
202642000
202642001
202642002
202642003
202642004
202642005
202642006
202642007
202642008
202642009
20264201
202642010
202642011
202642012
202642013
202642014
202642015
202642016
202642017
202642018
202642019
20264202
202642020
202642021
202642022
202642023
202642024
202642025
202642026
202642027
202642028
202642029
20264203
202642030
202642031
202642032
202642033
202642034
202642035
202642036
202642037
202642038
202642039
20264204
202642040
202642041
202642042
202642043
202642044
202642045
202642046
202642047
202642048
202642049
202642050
202642051
202642052
202642053
202642054
202642055
202642056
202642057
202642058
202642059
20264206
202642060
202642061
202642062
202642063
202642064
202642065
202642066
202642067
202642068
202642069
20264207
202642070
202642071
202642072
202642073
202642074
202642075
202642076
202642077
202642078
202642079
20264208
202642080
202642081
202642082
202642083
202642084
202642085
202642086
202642087
202642088
202642089
20264209
202642090
202642091
202642092
202642093
202642094
202642095
202642096
202642097
202642098
202642099
2026421
20264210
202642100
202642101
202642102
202642103
202642104
202642105
202642106
202642107
202642108
202642109
20264211
202642110
202642111
202642112
202642113
202642114
202642115
202642116
202642117
202642118
202642119
20264212
202642121
202642122
202642123
202642124
202642125
202642126
202642127
202642128
202642129
20264213
202642130
202642131
202642132
202642133
202642134
202642135
202642136
202642137
202642138
202642139
20264214
202642140
202642141
202642142
202642143
202642144
202642145
202642146
202642147
202642148
202642149
20264215
202642150
202642151
202642152
202642153
202642154
202642155
202642156
202642157
202642158
202642159
20264216
202642160
202642161
202642162
202642163
202642164
202642165
202642166
202642167
202642168
202642169
20264217
202642170
202642171
202642173
202642174
202642175
202642176
202642177
202642178
202642179
20264218
202642180
202642181
202642182
202642183
202642184
202642185
202642186
202642187
202642188
202642189
20264219
202642190
202642191
202642192
202642193
202642194
202642195
202642196
202642197
202642198
202642199
2026422
20264220
202642200
202642201
202642202
202642203
20264221
202642211
202642212
20264222
202642223
202642227
202642228
20264223
20264224
20264225
20264226
202642261
202642264
202642268
20264227
202642275
20264228
202642285
20264229
202642299
2026423
20264230
20264231
20264232
20264233
20264234
20264235
20264236
20264237
20264238
20264239
2026424
20264240
20264241
20264242
20264243
20264244
20264245
20264246
20264247
20264248
20264249
2026425
20264250
20264251
20264252
20264253
20264255
20264256
20264257
20264258
2026426
20264260
20264261
20264262
20264263
20264264
202642643
202642644
202642648
20264265
202642652
202642653
202642657
202642658
202642659
20264266
202642660
202642661
202642662
202642664
202642665
202642666
202642667
202642668
202642669
20264267
202642670
202642671
202642673
202642674
202642675
202642676
202642677
202642678
202642679
20264268
202642681
202642684
202642687
20264269
202642690
202642694
202642698
2026427
20264270
202642700
202642708
20264271
202642719
20264272
202642721
202642728
20264273
202642731
202642732
20264274
202642741
20264275
202642753
20264276
202642761
20264277
202642774
202642775
202642776
202642779
20264278
202642783
202642786
20264279
202642792
202642793
202642795
202642799
20264280
202642800
202642801
202642804
202642814
202642816
202642819
202642820
202642822
202642823
202642826
202642828
20264283
202642831
202642834
20264284
20264285
20264286
20264287
20264288
20264289
202642896
2026429
20264290
202642901
20264291
20264292
20264293
20264294
202642940
202642946
202642947
20264295
202642956
20264296
202642960
202642961
202642963
202642966
20264297
202642971
202642973
202642974
20264298
202642984
202642987
20264299
202642990
202642992
202642994
202642997
202642999
202643
2026430
20264300
202643000
202643004
202643009
20264301
20264302
202643020
202643021
202643024
20264303
20264304
20264305
20264306
20264307
20264308
2026431
20264310
20264311
20264312
20264314
20264317
20264318
20264319
2026432
20264320
20264321
20264323
20264325
20264326
20264327
20264328
20264329
2026433
20264330
20264331
20264332
20264333
20264334
20264335
20264336
20264337
20264338
20264339
2026434
20264341
20264342
20264343
20264344
20264346
20264348
20264349
2026435
20264350
20264351
20264352
20264353
20264354
20264356
20264357
20264358
20264359
2026436
20264360
20264361
20264362
20264363
20264365
20264366
20264367
20264368
20264369
2026437
20264370
20264371
20264372
20264373
20264374
20264375
20264376
20264377
20264378
20264379
2026438
20264380
20264381
20264382
20264383
20264384
20264385
20264386
20264387
20264388
2026439
20264390
20264391
20264392
20264393
20264394
20264395
20264396
20264397
20264398
20264399
2026440
20264400
20264401
20264402
20264404
20264405
20264408
2026441
20264410
20264411
20264412
20264413
20264415
20264416
20264417
20264418
20264419
2026442
20264420
20264421
20264422
20264423
20264424
20264425
20264426
20264427
20264429
2026443
20264430
20264431
20264432
20264433
20264434
20264435
20264436
20264437
20264438
20264439
2026444
20264440
20264441
20264442
20264443
20264444
20264445
20264446
20264447
20264448
20264449
2026445
20264450
20264451
20264453
20264454
20264455
20264456
20264457
20264458
20264459
2026446
20264460
20264461
20264462
20264463
20264464
20264465
20264466
20264467
20264468
20264469
2026447
20264470
20264471
20264472
20264473
20264474
20264475
20264476
20264477
20264478
20264479
2026448
20264480
20264481
20264482
20264483
20264484
20264485
20264486
20264487
20264488
20264489
2026449
20264490
20264491
20264492
20264493
20264494
20264495
20264496
20264497
20264498
20264499
2026450
20264500
20264501
20264502
20264503
20264504
20264505
20264506
20264507
20264508
20264509
2026451
20264510
20264511
20264512
20264513
20264514
20264515
20264516
20264517
20264518
20264519
2026452
20264520
20264521
20264522
20264523
20264524
20264525
20264526
20264527
20264528
20264529
2026453
20264530
20264531
20264532
20264533
20264534
20264535
20264536
20264538
20264539
2026454
20264540
20264541
20264542
20264543
20264544
20264545
20264546
20264547
20264548
20264549
2026455
20264550
20264551
20264552
20264553
20264554
20264555
20264556
20264557
20264558
20264559
2026456
20264560
20264561
20264562
20264563
20264564
20264565
20264566
20264567
20264568
20264569
2026457
20264570
20264571
20264572
20264573
20264574
20264575
20264576
20264577
20264578
20264579
2026458
20264580
20264581
20264582
20264584
20264585
20264586
20264587
20264588
20264589
2026459
20264590
20264591
20264592
20264593
20264594
20264595
20264596
20264597
20264598
20264599
2026460
20264600
20264601
20264602
20264603
20264604
20264605
20264606
20264607
20264608
20264609
2026461
20264610
20264612
20264613
20264614
20264615
20264616
20264617
20264618
20264619
2026462
20264620
20264621
20264622
20264623
20264624
20264625
20264626
20264627
20264628
20264629
2026463
20264630
20264631
20264632
20264633
20264634
20264635
20264636
20264637
20264638
20264639
2026464
20264640
20264641
20264642
20264643
20264644
20264645
20264646
20264647
20264648
20264649
2026465
20264650
20264651
20264652
20264653
20264654
20264655
20264656
20264657
20264658
20264659
2026466
20264660
20264661
20264662
20264663
20264664
20264665
20264666
20264667
20264668
20264669
2026467
20264670
20264671
20264672
20264674
20264675
20264676
20264677
20264679
2026468
20264680
20264681
20264682
20264683
20264684
20264685
20264686
20264687
20264688
2026469
20264690
20264691
20264692
20264693
20264694
20264695
20264696
20264697
20264698
20264699
2026470
20264700
20264701
20264702
20264703
20264704
20264705
20264706
20264707
20264708
20264709
2026471
20264710
20264711
20264712
20264713
20264714
20264715
20264716
20264717
20264718
20264719
2026472
20264720
20264721
20264724
20264727
20264728
2026473
20264730
20264731
20264732
20264733
20264734
20264735
20264736
20264737
20264738
20264739
2026474
20264740
20264741
20264742
20264743
20264744
20264745
20264747
20264748
20264749
2026475
20264751
20264752
20264753
20264754
20264755
20264756
20264757
20264759
2026476
20264760
20264761
20264762
20264763
20264764
20264765
20264766
20264767
20264768
20264769
2026477
20264770
20264771
20264772
20264773
20264775
20264776
20264777
20264778
20264779
2026478
20264780
20264781
20264782
20264783
20264785
20264786
20264787
20264788
20264789
2026479
20264790
20264791
20264792
20264793
20264795
20264796
20264797
20264799
202648
2026480
20264802
20264804
20264805
20264806
20264807
20264808
20264809
2026481
20264810
20264811
20264812
20264813
20264814
20264815
20264817
20264818
20264819
2026482
20264820
20264821
20264822
20264823
20264824
20264825
20264827
20264828
20264829
2026483
20264830
20264831
20264832
20264833
20264834
20264835
20264837
20264838
20264839
2026484
20264840
20264841
20264842
20264844
20264845
20264846
20264848
20264849
2026485
20264850
20264851
20264852
20264853
20264855
20264856
20264857
20264858
20264859
2026486
20264860
20264862
20264864
20264865
20264867
20264868
20264869
2026487
20264870
20264871
20264872
20264874
20264875
20264876
20264877
20264878
20264879
2026488
20264880
20264881
20264882
20264883
20264884
20264886
20264888
2026489
20264890
20264893
20264894
20264895
20264896
20264897
20264898
20264899
2026490
20264900
20264901
20264902
20264903
20264904
2026491
2026492
2026493
2026494
2026495
2026496
2026497
2026498
2026499
202650
2026500
2026501
2026502
2026503
2026504
2026505
2026506
2026507
2026508
2026509
2026510
20265100
20265101
20265102
20265103
20265104
20265105
20265106
20265107
20265109
2026511
20265110
20265112
20265113
20265115
20265116
20265117
20265118
2026512
20265120
20265121
20265122
20265124
20265125
20265127
20265128
20265129
2026513
20265131
20265132
20265133
20265134
20265135
20265136
20265137
20265138
20265139
2026514
20265140
20265141
20265142
20265143
20265144
20265145
20265146
20265147
20265148
20265149
2026515
20265150
20265151
20265152
20265153
20265154
20265155
20265156
20265157
20265158
20265159
2026516
20265160
20265161
20265162
20265163
20265164
20265165
20265166
20265167
20265168
20265169
2026517
20265172
20265173
20265174
20265175
20265176
20265177
20265178
20265179
2026518
20265183
20265184
20265185
20265186
20265188
2026519
20265190
20265193
20265194
20265195
20265196
20265197
20265198
202652
2026520
20265200
20265201
20265202
20265203
20265204
20265205
20265206
20265207
20265208
2026521
20265210
20265212
20265213
20265214
20265215
20265216
20265217
20265219
2026522
20265221
20265222
20265223
20265225
20265227
20265229
2026523
20265230
20265232
20265234
20265236
20265238
20265239
2026524
20265241
20265242
20265243
20265244
20265246
20265247
20265248
2026525
20265250
20265253
20265255
20265256
20265257
20265258
20265259
2026526
20265260
20265261
20265262
20265263
20265266
20265267
20265268
20265269
2026527
20265270
20265271
20265273
20265274
20265276
20265277
20265278
20265279
2026528
20265280
20265281
20265282
20265283
20265284
20265285
20265286
20265287
20265288
20265289
2026529
20265290
20265291
20265292
20265293
20265294
20265295
20265296
20265297
20265298
20265299
202653
2026530
20265301
20265302
20265303
20265305
20265307
20265308
20265309
2026531
20265310
20265315
20265317
20265319
2026532
20265320
20265321
20265322
20265323
20265324
20265325
20265326
20265327
2026533
20265331
20265332
20265333
20265334
20265335
20265336
20265337
2026534
20265342
20265343
20265344
20265345
20265346
20265347
20265349
2026535
20265351
20265352
20265353
20265354
20265355
20265356
20265358
20265359
2026536
20265360
20265361
20265362
20265363
20265367
20265368
20265369
2026537
20265370
20265372
20265373
20265374
20265375
20265376
20265377
20265378
20265379
2026538
20265380
20265381
20265382
20265383
20265385
20265386
20265387
20265388
20265389
2026539
20265390
20265391
20265392
20265393
20265395
20265396
20265397
20265398
20265399
202654
2026540
20265400
20265401
20265402
20265403
20265404
20265405
20265406
20265409
2026541
20265410
20265411
20265413
20265414
20265415
20265416
20265417
20265418
20265419
2026542
20265420
20265421
20265422
20265425
20265426
20265427
20265428
20265429
2026543
20265430
20265431
20265432
20265433
20265434
20265435
20265436
20265437
20265438
2026544
20265440
20265441
20265442
20265443
20265444
20265446
20265447
20265448
20265449
2026545
20265451
20265452
20265453
20265454
20265455
20265456
20265457
20265458
20265459
2026546
20265460
20265461
20265462
20265464
20265465
20265466
20265467
20265468
20265469
2026547
20265470
20265471
20265472
20265474
20265475
20265476
20265477
20265478
20265479
2026548
20265480
20265481
20265483
20265484
2026549
20265491
20265493
20265496
20265497
20265498
20265499
202655
2026550
20265500
20265501
20265502
20265503
20265504
20265505
20265506
20265508
2026551
20265510
20265512
2026552
2026553
2026554
2026555
2026556
2026557
2026558
2026559
202656
2026560
2026561
2026562
2026563
2026564
2026565
2026566
2026567
2026568
2026569
202657
2026570
2026571
2026572
2026573
20265738
2026574
20265741
20265742
20265743
20265744
20265745
20265746
20265747
20265748
2026575
20265750
20265752
20265753
20265754
20265755
20265756
20265757
20265758
20265759
2026576
20265760
20265761
20265762
20265763
20265764
20265765
20265766
20265767
20265768
20265769
2026577
20265770
20265771
20265772
20265773
20265774
20265775
20265776
20265777
20265778
20265779
2026578
20265780
20265781
20265782
20265783
20265784
20265785
20265786
20265787
20265788
20265789
2026579
20265790
20265791
20265792
20265793
20265795
20265796
20265797
2026580
20265801
20265802
20265803
20265804
20265806
20265808
20265809
2026581
20265811
20265812
20265813
20265814
20265815
20265816
20265817
20265818
20265819
2026582
20265820
20265822
20265823
20265824
20265825
20265826
20265827
20265828
20265829
2026583
20265830
20265831
20265832
20265833
20265834
20265835
20265836
20265837
20265838
20265839
2026584
20265840
20265842
20265843
20265844
20265845
20265846
20265847
20265849
2026585
20265850
20265851
20265852
20265853
20265854
20265855
20265856
20265857
20265858
2026586
20265860
20265861
20265862
20265863
20265864
20265865
20265866
20265867
20265868
20265869
2026587
20265870
20265871
20265872
20265873
20265874
20265875
20265876
20265877
20265878
20265879
2026588
20265880
20265881
20265882
20265883
20265884
20265885
20265886
20265887
20265888
20265890
20265891
20265892
20265893
20265894
20265895
20265896
20265897
20265898
202659
2026590
20265900
20265901
20265902
20265903
20265904
20265905
20265906
20265907
20265908
20265909
2026591
20265910
20265911
20265912
20265915
20265916
20265917
20265918
20265919
2026592
20265921
20265922
20265923
20265925
20265926
20265927
20265928
20265929
2026593
20265930
20265931
20265932
20265933
20265934
20265935
20265936
20265937
20265938
20265939
2026594
20265940
20265941
20265942
20265943
20265944
20265945
20265946
20265947
20265948
20265949
2026595
20265950
20265951
20265952
20265953
20265954
20265955
20265956
20265957
20265958
20265959
2026596
20265960
20265961
20265962
20265963
20265964
20265965
20265966
20265967
20265968
20265969
2026597
20265970
20265972
20265973
20265974
20265975
20265976
20265977
20265978
2026598
20265980
20265982
20265983
20265984
20265985
20265987
20265989
2026599
20265990
20265991
20265992
20265993
20265994
20265997
20265998
20265999
2026600
20266000
20266001
20266002
20266004
20266007
20266008
20266009
2026601
20266011
20266012
20266013
20266014
20266015
20266016
20266017
20266018
20266019
2026602
20266021
20266022
20266023
20266024
20266025
20266026
20266027
20266028
20266029
2026603
20266030
20266031
20266032
20266033
20266035
20266036
20266037
20266038
20266039
2026604
20266040
20266041
20266042
20266043
20266044
20266046
20266047
20266048
20266049
2026605
20266050
20266051
20266052
20266053
20266055
20266056
20266057
20266058
20266059
2026606
20266060
20266061
20266062
20266064
20266066
20266067
20266068
20266069
2026607
20266070
20266072
20266073
20266074
20266075
20266077
20266078
2026608
20266080
20266081
20266082
20266083
20266084
20266085
20266086
20266087
20266088
20266089
2026609
20266091
20266092
20266093
20266095
20266096
20266098
2026610
20266100
20266104
20266105
20266106
20266107
20266108
20266109
2026611
20266111
20266112
20266113
20266114
20266115
20266116
20266117
20266118
20266119
2026612
20266120
20266121
20266122
20266123
20266126
20266127
20266128
20266129
2026613
20266130
20266131
20266132
20266133
20266134
20266135
20266136
20266137
20266138
20266139
2026614
20266140
20266144
20266145
20266146
20266147
20266148
20266149
2026615
20266150
20266151
20266152
20266153
20266154
20266156
20266158
20266159
2026616
20266160
20266161
20266162
20266163
20266164
20266165
20266166
20266167
20266168
20266169
2026617
20266170
20266171
20266172
20266173
20266174
20266175
20266176
20266177
20266178
20266179
2026618
20266180
20266181
20266183
20266184
20266185
20266186
20266187
20266188
20266189
2026619
20266190
20266191
20266192
20266193
20266194
20266195
20266196
20266197
20266198
20266199
2026620
20266200
20266201
20266202
20266203
20266204
20266205
20266206
20266207
20266208
20266209
2026621
20266210
20266211
20266212
20266213
20266214
20266215
20266216
20266217
20266218
20266219
2026622
20266220
20266222
20266223
20266224
20266225
20266226
20266227
20266228
20266229
2026623
20266230
20266231
20266232
20266233
20266234
20266235
20266236
20266237
20266238
2026624
20266240
20266241
20266242
20266243
20266244
20266245
20266246
20266247
20266248
20266249
2026625
20266251
20266252
20266253
20266254
20266255
20266256
20266257
20266258
20266259
2026626
20266260
20266261
20266262
20266263
20266264
20266265
20266266
20266267
20266269
2026627
20266270
20266271
20266272
20266273
20266274
20266275
20266276
20266277
20266278
20266279
2026628
20266280
20266281
20266283
20266284
20266285
20266286
20266287
20266288
20266289
2026629
20266290
20266291
20266292
20266293
20266294
20266295
20266296
20266297
20266298
20266299
202663
2026630
20266300
20266301
20266302
20266303
20266304
20266305
20266306
20266307
20266308
20266309
2026631
20266310
20266311
20266312
20266313
20266314
20266315
20266316
20266317
20266318
20266319
2026632
20266320
20266321
20266322
20266323
20266324
20266325
20266326
20266327
20266328
20266329
2026633
20266330
20266331
20266332
20266333
20266334
20266335
20266336
20266337
20266338
20266339
2026634
20266340
20266341
20266342
20266343
20266344
20266345
20266346
20266347
20266348
20266349
2026635
20266350
20266351
20266352
20266353
20266354
20266355
20266356
20266357
20266358
20266359
2026636
20266360
20266361
20266362
20266363
20266364
20266365
20266366
20266367
20266368
20266369
2026637
20266370
20266371
20266372
20266373
20266374
20266375
20266376
20266377
20266378
20266379
2026638
20266380
20266381
20266382
20266383
20266384
20266385
20266386
20266387
20266388
20266389
2026639
20266390
20266391
20266392
20266393
20266394
20266395
20266396
20266397
20266398
20266399
202664
2026640
20266400
20266401
20266402
20266403
20266404
20266406
20266407
20266408
20266409
2026641
20266410
20266411
20266412
20266413
20266414
20266415
20266416
20266417
20266418
20266419
2026642
20266420
20266421
20266422
20266423
20266425
20266426
20266427
20266428
20266429
2026643
20266430
20266431
20266432
20266433
20266434
20266435
20266436
20266437
20266438
20266439
2026644
20266440
20266442
20266443
20266444
20266445
20266446
20266447
20266448
20266449
2026645
20266450
20266451
20266453
20266454
20266455
20266456
20266457
20266458
20266459
2026646
20266460
20266461
20266462
20266463
20266464
20266466
20266467
20266469
2026647
20266470
20266471
20266472
20266473
20266474
20266475
20266476
20266477
20266478
20266479
2026648
20266481
20266482
20266483
20266484
20266486
20266488
20266489
2026649
20266490
20266491
20266492
20266493
20266494
20266495
20266496
20266497
20266498
20266499
2026650
20266500
20266501
20266502
20266503
20266504
20266505
20266506
20266507
20266509
2026651
20266510
20266511
20266512
20266513
20266514
20266516
20266517
20266519
2026652
20266521
20266522
20266523
20266524
20266525
20266526
20266529
2026653
20266530
20266533
20266534
20266536
20266538
20266539
2026654
20266542
20266544
20266545
20266546
20266547
20266548
20266549
2026655
20266550
20266551
20266552
20266553
20266554
20266555
20266557
20266558
2026656
20266560
20266562
20266563
20266564
20266566
20266567
20266568
20266569
2026657
20266570
20266572
20266573
20266577
20266578
20266579
2026658
20266580
20266581
20266583
20266584
20266585
20266586
20266587
20266588
20266589
2026659
20266590
20266591
20266593
20266594
20266595
20266596
20266597
20266598
20266599
2026660
20266600
20266601
20266602
20266605
20266606
20266607
20266609
2026661
20266610
20266612
20266613
20266614
20266615
20266616
20266617
20266618
2026662
20266620
20266621
20266622
20266623
20266624
20266625
20266626
20266627
20266628
20266629
2026663
20266630
20266631
20266632
20266633
20266634
20266635
20266636
20266637
20266638
20266639
2026664
20266641
20266642
20266643
20266644
20266645
20266646
20266647
2026665
20266650
20266651
20266652
20266653
20266654
20266655
20266656
20266658
20266659
2026666
20266660
20266661
20266662
20266663
20266664
20266665
20266666
20266667
20266669
2026667
20266670
20266671
20266673
20266674
20266676
20266678
20266679
2026668
20266681
20266682
20266684
20266685
20266686
20266687
20266688
20266689
2026669
20266690
20266691
20266692
20266693
20266694
20266695
20266696
20266697
20266698
20266699
2026670
20266700
20266701
20266702
20266703
20266704
20266706
20266708
2026671
20266710
20266711
20266712
20266714
20266715
20266717
20266718
20266719
2026672
20266720
20266721
20266722
20266723
20266726
20266727
20266728
20266729
2026673
20266730
20266732
20266733
20266734
20266735
20266736
20266739
2026674
20266741
20266742
20266743
20266744
20266745
20266746
20266747
20266748
20266749
2026675
20266750
20266751
20266752
20266753
20266754
20266755
20266757
20266759
2026676
20266760
20266761
20266762
20266764
20266765
20266766
20266767
20266768
20266769
2026677
20266770
20266771
20266772
20266773
20266776
20266777
20266778
20266779
2026678
20266780
20266781
2026679
2026680
2026681
2026682
2026683
2026684
2026685
2026686
2026687
2026688
2026689
2026690
2026691
2026692
2026693
2026694
2026695
2026696
2026697
2026698
2026699
20267
2026700
2026701
2026702
2026703
2026704
20267041
20267042
20267043
20267044
20267045
20267046
20267047
20267048
20267049
2026705
20267050
20267051
20267052
20267053
20267054
20267056
20267057
20267058
20267059
2026706
20267062
20267063
20267064
20267065
20267066
2026707
20267070
20267071
20267072
20267074
20267075
20267076
20267077
20267078
20267079
2026708
20267080
20267081
20267082
20267085
20267086
20267087
20267089
2026709
20267090
20267091
20267093
20267094
20267098
20267099
202671
2026710
20267101
20267102
20267104
20267105
20267106
20267107
20267109
2026711
20267110
20267111
20267114
20267115
20267116
20267118
20267119
2026712
20267120
20267121
20267122
20267123
20267124
20267125
20267126
20267127
20267128
20267129
2026713
20267130
20267131
20267132
20267133
20267134
20267136
20267137
20267138
20267139
2026714
20267140
20267141
20267142
20267143
20267144
20267145
2026715
20267150
20267151
20267152
20267153
20267154
20267155
20267156
20267157
2026716
20267160
20267161
20267162
20267163
20267166
20267167
20267168
2026717
20267171
20267173
20267174
20267175
20267176
20267177
20267178
20267179
2026718
20267180
20267181
20267183
20267184
20267185
20267186
20267187
20267188
20267189
2026719
20267190
20267191
20267192
20267194
20267197
20267198
20267199
2026720
20267200
20267201
20267202
20267203
20267205
20267206
20267207
20267208
20267209
2026721
20267211
20267212
20267213
20267214
20267215
20267218
2026722
20267220
20267221
20267222
20267223
2026723
2026724
2026725
2026726
2026727
2026728
2026729
2026730
2026731
2026732
2026733
2026734
2026735
2026736
2026737
2026738
2026739
202674
2026740
2026741
2026742
2026743
2026744
2026745
2026746
2026747
2026748
2026749
202675
2026750
2026751
2026752
2026753
20267535
20267536
20267537
20267538
20267539
2026754
20267540
20267541
20267543
20267544
20267545
20267546
20267547
20267548
20267549
2026755
20267550
20267552
20267553
20267554
20267555
20267556
20267557
20267558
20267559
2026756
20267560
20267562
20267563
20267564
20267565
20267566
20267567
20267568
20267569
2026757
20267570
20267571
20267572
20267573
20267574
20267575
20267576
20267577
20267578
20267579
2026758
20267580
20267581
20267582
20267583
20267584
20267585
20267586
20267587
20267588
20267589
2026759
20267590
20267591
20267592
20267593
20267594
20267595
20267596
20267597
20267598
20267599
2026760
20267600
20267601
20267603
20267604
20267605
20267607
20267608
20267609
2026761
20267610
20267612
20267613
20267614
20267615
20267616
20267617
20267618
20267619
2026762
20267620
20267621
20267622
20267623
20267624
20267626
20267627
20267628
20267629
2026763
20267630
20267632
20267633
20267636
20267638
2026764
20267640
20267641
20267642
20267643
20267644
20267645
20267646
20267649
2026765
20267651
20267654
20267655
20267656
20267657
20267658
2026766
20267660
20267661
20267662
20267663
20267664
20267665
20267666
20267667
20267668
20267669
2026767
20267670
20267671
20267672
20267673
20267674
20267675
20267676
20267677
20267679
2026768
20267680
20267681
20267684
20267685
20267686
20267688
20267689
2026769
20267690
20267691
20267692
20267693
20267694
20267695
20267697
20267698
20267699
2026770
20267701
20267702
20267703
20267704
20267705
20267706
20267707
20267708
2026771
20267711
20267712
20267713
20267714
20267715
20267716
20267717
20267719
2026772
20267721
20267722
20267723
20267725
20267726
20267728
2026773
20267730
20267731
20267736
20267737
2026774
20267742
20267743
20267744
20267745
20267746
20267747
20267748
20267749
2026775
20267751
20267752
20267754
20267756
20267757
20267759
2026776
20267761
20267762
20267763
20267765
20267766
20267768
20267769
2026777
20267771
20267772
20267774
20267775
20267777
20267778
20267779
2026778
20267781
20267782
20267783
20267784
20267785
20267786
20267787
20267789
2026779
20267790
20267791
20267792
20267793
20267794
20267795
20267797
20267799
2026780
20267800
20267801
20267802
20267807
20267809
2026781
20267810
20267811
20267812
20267813
20267814
20267816
20267817
20267818
20267819
2026782
20267820
20267822
20267823
20267825
20267828
2026783
20267830
20267831
20267835
20267837
20267839
2026784
20267844
20267847
20267849
2026785
20267850
20267853
20267855
20267859
2026786
20267860
20267863
20267864
20267865
20267867
20267868
20267869
2026787
20267870
20267872
20267873
20267874
20267876
20267877
20267878
20267879
2026788
20267880
20267884
20267887
20267888
20267889
2026789
20267890
20267892
20267893
20267897
20267899
202679
2026790
20267901
20267902
20267903
20267904
20267905
20267906
20267907
20267909
2026791
20267910
20267911
20267913
20267916
20267917
20267918
2026792
20267920
20267921
20267923
20267924
20267925
20267927
20267928
20267929
2026793
20267930
20267931
20267932
20267933
20267935
20267938
20267939
2026794
20267940
20267941
20267944
20267945
20267946
20267949
2026795
20267950
20267953
20267954
20267956
20267957
20267958
20267959
2026796
20267960
20267961
20267962
20267963
20267964
20267965
20267966
20267967
20267969
2026797
20267970
20267971
20267972
20267973
20267974
20267975
20267976
20267977
20267978
20267979
2026798
20267981
20267982
20267983
20267984
20267985
20267986
20267987
2026799
20267990
20267992
20267993
20267994
20267995
20267996
20267997
20267998
20267999
20268
202680
2026800
20268000
20268001
20268002
20268003
20268004
20268005
20268006
20268007
20268008
20268009
2026801
20268010
20268011
20268012
20268013
20268014
20268015
20268016
20268017
20268018
20268019
2026802
20268020
20268021
20268022
20268023
20268024
20268025
20268026
20268027
20268028
20268029
2026803
20268030
20268031
20268032
20268033
20268034
20268035
20268036
20268037
20268038
20268039
2026804
20268040
20268041
20268042
20268043
20268044
20268045
20268046
20268047
20268048
20268049
2026805
20268050
20268051
20268052
20268053
20268054
20268055
20268056
20268057
20268058
20268059
2026806
20268060
20268061
20268062
20268063
20268064
20268065
20268066
20268067
20268068
20268069
2026807
20268070
20268071
20268072
20268073
20268074
20268075
20268076
20268077
20268078
20268079
2026808
20268080
20268081
20268082
20268083
20268084
20268085
20268086
20268087
20268088
20268089
2026809
20268090
20268091
20268092
20268093
20268094
20268095
20268097
20268098
20268099
202681
2026810
20268100
20268101
20268102
20268103
20268104
20268105
20268106
20268107
20268108
20268109
2026811
20268110
20268111
2026812
2026813
2026814
2026815
2026816
2026817
2026818
202682
202683
202684
20268436
20268437
20268438
20268439
20268440
20268441
20268442
20268443
20268444
20268445
20268446
20268449
20268450
20268451
20268452
20268453
20268454
20268455
20268456
20268457
20268458
20268459
20268460
20268461
20268462
20268463
20268465
20268466
20268468
20268470
20268472
20268473
20268475
20268476
20268477
20268478
20268479
20268481
20268482
20268483
20268484
20268485
20268486
20268487
20268489
20268490
20268491
20268492
20268494
20268495
20268496
20268497
20268498
20268499
20268500
20268501
20268502
20268503
20268504
20268505
20268506
20268507
20268508
20268509
20268510
20268511
20268512
20268513
20268514
20268515
20268516
20268517
20268518
20268519
20268520
20268521
20268522
20268523
20268524
20268525
20268526
20268527
20268528
20268529
20268530
20268531
20268533
20268536
20268537
20268538
20268539
20268540
20268541
20268542
20268543
20268544
20268545
20268546
20268548
20268549
20268550
20268551
20268552
20268553
20268554
20268555
20268556
20268557
20268559
20268561
20268563
20268564
20268565
20268566
20268567
20268568
20268569
20268570
20268571
20268572
20268574
20268575
20268576
20268577
20268578
20268579
20268580
20268581
20268582
20268583
20268584
20268585
20268586
20268587
20268588
20268589
20268590
20268591
20268592
20268593
20268594
20268595
20268596
20268597
20268598
20268599
20268600
20268601
20268602
20268603
20268605
20268606
20268608
20268609
20268610
20268611
20268612
20268613
20268614
20268615
20268616
20268617
20268618
20268619
20268620
20268621
20268622
20268623
20268624
20268626
20268627
20268628
20268629
20268630
20268631
20268632
20268633
20268634
20268635
20268636
20268637
20268638
20268640
20268642
20268643
20268644
20268646
20268647
20268648
20268649
20268650
20268651
20268652
20268653
20268655
20268656
20268657
20268658
20268659
20268661
20268662
20268664
20268666
20268667
20268668
20268669
20268670
20268671
20268673
20268674
20268675
20268676
20268679
20268680
20268681
20268682
20268683
20268684
20268685
20268687
20268688
20268689
20268690
20268692
20268693
20268695
20268697
20268700
20268702
20268704
20268705
20268706
20268707
20268708
20268709
20268710
20268711
20268712
20268715
20268718
20268719
20268720
20268721
20268722
20268723
20268725
20268728
20268729
20268730
20268732
20268733
20268734
20268735
20268736
20268738
20268739
20268740
20268742
20268743
20268744
20268745
20268746
20268748
20268749
20268750
20268751
20268752
20268756
20268758
20268759
20268761
20268762
20268763
20268764
20268765
20268766
20268768
20268769
20268771
20268772
20268773
20268774
20268776
20268777
20268778
20268779
20268780
20268781
20268783
20268784
20268786
20268787
20268790
20268791
20268792
20268794
20268797
20268799
202688
20268800
20268801
20268803
20268804
20268805
20268808
20268810
20268811
20268813
20268814
20268816
20268817
20268818
20268820
20268821
20268823
20268824
20268825
20268826
20268827
20268828
20268829
20268831
20268832
20268833
20268834
20268835
20268838
20268839
20268841
20268842
20268843
20268844
20268845
20268846
20268847
20268849
20268851
20268852
20268853
20268854
20268855
20268856
20268857
20268858
20268859
20268860
20268861
20268862
20268863
20268864
20268868
20268869
20268872
20268879
20268880
20268881
20268883
20268885
20268886
20268887
20268889
20268890
20268900
20268903
20268904
20268905
20268906
20268908
20268909
20268910
20268911
20268912
20268913
20268914
20268915
20268916
20268917
20268918
20268920
20268921
20268922
20268923
20268924
20268925
20268926
20268927
20268928
20268929
20268930
20268931
20268932
20268933
20268936
20268937
20268938
20268939
20268941
20268942
20268943
20268945
20268946
20268947
20268948
20268949
20268950
20268952
20268953
20268954
20268955
20268956
20268957
20268958
20268959
20268960
20268961
20268962
20268963
20268964
20268965
20268966
20268969
20268971
20268972
20268976
20268977
20268978
20268979
20268980
20268981
20268982
20268983
20268984
20268985
20268986
20268987
20268988
20268989
20268990
20268992
20268993
20268994
20268995
20268996
20268998
20268999
20269
202690
20269000
20269001
20269002
20269003
20269004
20269005
20269007
20269008
20269009
20269011
20269012
20269014
20269017
20269018
20269019
20269020
20269021
20269022
20269023
20269025
20269026
20269027
20269028
20269029
20269032
20269033
20269034
20269035
20269036
20269037
20269038
20269039
20269040
20269041
20269042
20269043
20269047
20269048
20269049
20269050
20269051
20269052
20269054
20269055
20269059
20269060
20269061
20269063
20269065
20269066
20269067
20269069
20269071
20269074
20269075
20269076
20269077
20269078
20269080
20269081
20269082
20269083
20269084
20269085
20269086
20269087
20269088
20269089
20269090
20269091
20269092
20269093
20269094
20269095
20269096
20269097
20269098
202691
20269100
20269102
20269103
20269104
20269105
20269106
20269108
20269110
20269111
20269112
20269113
20269116
20269118
20269119
20269120
20269121
20269123
20269124
20269125
20269126
20269128
20269129
20269130
20269131
20269133
20269134
20269136
20269137
20269141
20269142
20269143
20269145
20269146
20269147
20269148
20269149
20269150
20269151
20269153
20269154
20269155
20269156
20269157
20269158
20269159
20269161
20269163
20269164
20269165
20269166
20269168
20269170
20269171
20269172
20269173
20269174
20269175
20269176
20269177
20269179
20269181
20269182
20269183
20269184
20269185
20269186
20269187
20269188
20269189
20269190
20269191
20269193
20269194
20269195
20269196
20269199
202692
20269201
20269202
20269203
20269204
20269205
20269206
20269211
20269212
20269213
20269216
20269217
20269219
20269220
20269221
20269222
20269223
20269225
20269228
20269232
20269233
20269234
20269236
20269238
20269240
20269241
20269242
20269243
20269244
20269245
20269246
20269247
20269248
20269249
20269250
20269254
20269255
20269257
20269258
20269259
20269260
20269262
20269264
20269266
20269267
20269268
20269269
20269271
20269272
20269273
20269274
20269275
20269276
20269282
20269283
20269286
20269287
20269288
20269290
20269297
20269298
20269299
202693
20269300
20269301
20269302
20269303
20269304
20269305
20269308
20269309
20269310
20269311
20269312
20269314
20269315
20269316
20269317
20269320
20269322
20269323
20269324
20269325
20269327
20269328
20269331
20269332
20269333
20269334
20269336
20269337
20269338
20269340
20269341
20269342
20269343
20269344
20269345
20269346
20269347
20269348
20269349
20269350
20269351
20269352
20269358
20269360
20269361
20269362
20269363
20269364
20269366
20269368
20269369
20269371
20269373
20269374
20269376
20269377
20269378
20269379
20269380
20269381
20269382
20269383
20269385
20269387
20269388
20269389
20269390
20269392
20269393
20269394
20269395
20269396
20269397
20269398
20269399
202694
20269401
20269402
20269403
20269404
20269409
20269410
20269411
20269412
20269413
20269414
20269415
20269416
20269417
20269418
20269419
20269420
20269421
20269422
20269423
20269425
20269426
20269429
20269431
20269432
20269433
20269434
20269435
20269436
20269437
20269438
20269440
20269441
20269442
20269443
20269444
20269445
20269446
20269447
20269448
20269449
20269452
20269453
20269454
20269455
20269456
20269457
20269458
20269459
20269460
20269463
20269464
20269466
20269467
20269468
20269469
20269470
20269471
20269472
20269473
20269474
20269475
20269476
20269479
20269481
20269482
20269484
20269485
20269486
20269487
20269489
20269490
20269491
20269492
20269494
20269496
20269497
20269498
20269499
202695
20269501
20269502
20269503
20269505
20269506
20269507
20269508
20269509
20269510
20269512
20269513
20269514
20269515
20269516
20269517
20269519
20269520
20269522
20269523
20269524
20269525
20269526
20269527
20269528
20269532
20269533
20269536
20269537
20269539
20269540
20269541
20269542
20269543
20269544
20269545
20269546
20269547
20269548
20269549
20269550
20269551
20269552
20269553
20269554
20269555
20269556
20269557
20269558
20269559
20269561
20269562
20269563
20269564
20269565
20269566
20269567
20269568
20269569
20269570
20269571
20269572
20269573
20269574
20269575
20269576
20269577
20269578
20269579
20269580
20269581
20269582
20269583
20269584
20269585
20269586
20269587
20269588
20269589
20269590
20269591
20269592
20269593
20269594
20269595
20269596
20269597
20269598
20269599
202696
20269600
20269601
20269602
20269603
20269604
20269605
20269606
20269607
20269608
20269609
20269610
20269611
20269613
20269614
20269615
20269616
20269617
20269618
20269619
20269620
20269621
20269622
20269623
20269624
20269625
20269626
20269627
20269628
20269629
20269630
20269631
20269632
20269633
20269634
20269636
20269637
20269638
20269639
20269640
20269641
20269642
20269643
20269644
20269645
20269646
20269648
20269649
20269650
20269651
20269652
20269653
20269654
20269655
20269656
20269657
20269658
20269659
20269660
20269661
20269662
20269663
20269664
20269665
20269666
20269667
20269668
202697
20269720
20269722
20269723
20269724
20269725
20269726
20269727
20269728
20269730
20269731
20269733
20269734
20269735
20269736
20269737
20269738
20269740
20269741
20269742
20269743
20269744
20269745
20269746
20269747
20269748
20269749
20269750
20269751
20269752
20269753
20269754
20269755
20269757
20269758
20269759
20269760
20269761
20269762
20269763
20269765
20269766
20269767
20269768
20269770
20269771
20269772
20269773
20269774
20269775
20269776
20269777
20269778
20269779
20269780
20269781
20269785
20269786
20269787
20269791
20269792
20269793
20269794
20269796
20269797
20269798
20269799
202698
20269800
20269801
20269803
20269804
20269805
20269806
20269807
20269808
20269809
20269810
20269811
20269812
20269816
20269817
20269818
20269819
20269820
20269821
20269822
20269823
20269824
20269826
20269827
20269830
20269831
20269833
20269834
20269835
20269839
20269840
20269841
20269842
20269843
20269844
20269845
20269847
20269851
20269852
20269853
20269854
20269855
20269856
20269857
20269858
20269860
20269861
20269862
20269863
20269865
20269867
20269868
20269869
20269870
20269871
20269873
20269875
20269876
20269877
20269878
20269879
20269881
20269884
20269885
20269887
20269889
20269890
20269891
20269893
20269894
20269895
20269896
20269897
20269898
202699
20269900
20269901
20269902
20269903
20269904
20269905
20269906
20269907
20269908
20269909
20269910
20269911
20269913
20269914
20269915
20269916
20269917
20269918
20269919
20269924
20269926
20269928
20269929
20269930
20269931
20269932
20269934
20269935
20269936
20269937
20269938
20269939
20269940
20269941
20269942
20269943
20269944
20269945
20269946
20269947
20269948
20269951
20269952
20269953
20269954
20269955
20269956
20269957
20269958
20269959
20269960
20269961
20269962
20269963
20269964
20269965
20269968
20269971
20269972
20269973
20269975
20269976
20269977
20269979
20269980
20269981
20269982
20269983
20269984
20269985
20269987
20269989
20269990
20269991
20269992
20269993
20269994
20269995
20269996
20269997
20269999